ph,humedad,tipo_de_suelo,temperatura,precipitacion,horas_de_sol,tipo_de_cultivo
6.17,18.51,rocoso,33.0,85.96,9.6,trigo
6.75,54.19,limoso,31.0,240.79,8.2,arroz
6.53,87.29,limoso,23.0,299.17,4.6,zanahoria
6.4,73.22,limoso,38.0,9.01,0.1,lentejas
5.96,80.66,rocoso,8.0,269.21,7.9,arroz
5.96,65.88,arenoso,4.0,186.79,4.6,naranjas
5.86,69.23,rocoso,34.0,292.01,11.8,lentejas
6.67,84.92,arenoso,18.0,139.5,0.4,naranjas
6.4,24.97,rocoso,34.0,254.22,9.4,trigo
6.51,48.94,rocoso,36.0,18.72,15.1,uva
5.82,22.12,arenoso,2.0,100.58,2.8,maiz
6.77,98.77,limoso,35.0,20.1,7.5,lentejas
6.63,94.41,arenoso,18.0,292.6,1.5,zanahoria
6.01,3.94,arcilloso,20.0,245.09,10.0,soja
5.98,70.56,arcilloso,25.0,255.76,8.8,maiz
5.98,92.52,arenoso,37.0,281.39,6.5,trigo
6.1,18.06,rocoso,1.0,25.53,8.3,trigo
6.32,56.79,arcilloso,19.0,115.68,14.3,zanahoria
6.23,91.55,arcilloso,28.0,21.31,3.1,maiz
6.09,3.39,rocoso,29.0,63.24,0.4,soja
6.41,69.74,rocoso,28.0,68.81,13.8,lentejas
5.94,29.73,limoso,5.0,140.73,9.2,lentejas
6.09,92.44,rocoso,12.0,80.57,14.3,maiz
6.17,97.11,arenoso,14.0,30.29,9.6,naranjas
6.26,94.43,arenoso,32.0,50.25,13.0,arroz
6.59,47.42,limoso,11.0,44.18,6.9,uva
6.0,86.2,arcilloso,8.0,291.92,12.0,naranjas
6.31,84.45,arcilloso,38.0,227.79,14.6,lentejas
6.39,31.91,rocoso,0.0,290.33,9.2,arroz
5.85,82.89,arenoso,40.0,131.92,2.9,uva
6.41,3.7,arcilloso,27.0,83.51,4.3,uva
5.97,59.63,limoso,33.0,239.49,3.2,uva
5.87,23.0,limoso,12.0,97.88,3.9,trigo
6.75,12.06,arenoso,1.0,89.82,4.9,zanahoria
6.77,7.7,limoso,30.0,69.75,8.9,uva
6.61,69.63,limoso,33.0,38.9,9.4,soja
6.1,33.99,arenoso,30.0,76.94,6.8,maiz
5.9,72.48,rocoso,6.0,106.6,9.8,lentejas
6.48,6.54,rocoso,30.0,202.2,1.3,soja
6.24,31.53,limoso,31.0,18.77,1.4,maiz
5.92,53.95,rocoso,26.0,63.15,2.7,naranjas
6.3,79.07,rocoso,31.0,242.71,8.3,zanahoria
5.83,31.88,limoso,34.0,44.08,3.4,naranjas
6.71,62.59,rocoso,25.0,102.79,4.5,maiz
6.06,88.6,limoso,4.0,259.4,6.4,soja
6.46,61.59,arcilloso,20.0,46.48,13.0,maiz
6.11,23.3,arenoso,3.0,24.82,0.2,uva
6.32,2.44,arenoso,16.0,145.36,10.4,trigo
6.35,87.01,rocoso,16.0,90.73,10.7,lentejas
5.98,2.13,rocoso,3.0,169.02,12.8,naranjas
6.77,87.47,rocoso,14.0,241.14,14.9,lentejas
6.58,52.89,arenoso,4.0,41.14,0.3,trigo
6.74,93.91,arcilloso,32.0,174.21,2.5,uva
6.69,79.88,arcilloso,38.0,151.65,14.2,uva
6.4,99.79,arenoso,3.0,43.22,7.3,naranjas
6.72,35.07,arcilloso,38.0,187.2,9.0,naranjas
5.89,76.72,arenoso,21.0,82.09,10.6,uva
6.0,40.19,arcilloso,12.0,146.35,10.9,arroz
5.85,47.99,limoso,3.0,24.68,14.9,lentejas
6.13,62.75,limoso,20.0,137.88,16.0,zanahoria
6.19,87.37,arenoso,32.0,91.94,11.5,trigo
6.07,98.41,arcilloso,28.0,246.71,4.6,lentejas
6.63,76.83,rocoso,2.0,17.09,14.1,trigo
6.16,41.78,arcilloso,3.0,125.58,0.8,arroz
6.08,42.14,limoso,16.0,137.53,3.7,zanahoria
6.34,73.76,limoso,12.0,217.5,14.4,soja
5.94,23.88,arcilloso,9.0,172.29,4.1,trigo
6.6,11.05,arcilloso,11.0,200.16,3.5,lentejas
5.87,35.46,rocoso,32.0,233.11,2.2,maiz
6.79,28.72,rocoso,37.0,258.66,13.7,zanahoria
6.57,29.63,arcilloso,16.0,94.16,8.0,uva
6.0,23.36,arcilloso,36.0,161.41,10.8,uva
5.81,4.21,arcilloso,13.0,252.03,3.8,arroz
6.62,1.79,arcilloso,19.0,296.84,12.1,trigo
6.51,98.77,arenoso,9.0,266.86,12.2,soja
6.53,42.78,arcilloso,26.0,111.44,5.0,trigo
6.57,38.43,rocoso,39.0,58.55,6.6,uva
5.87,67.96,limoso,24.0,146.82,3.4,naranjas
6.16,21.83,arenoso,14.0,222.49,15.6,maiz
5.92,95.0,arcilloso,26.0,147.77,10.3,zanahoria
6.66,78.63,limoso,5.0,144.95,15.0,arroz
6.42,8.94,arenoso,36.0,251.47,4.9,naranjas
6.13,41.76,limoso,20.0,108.42,12.5,lentejas
5.86,87.91,arcilloso,18.0,257.94,12.3,soja
6.11,94.47,arcilloso,23.0,122.04,11.1,naranjas
6.13,46.74,rocoso,25.0,98.47,15.5,lentejas
6.53,61.34,arcilloso,3.0,136.2,6.3,naranjas
6.44,16.7,arcilloso,27.0,228.73,2.1,soja
6.69,99.12,arenoso,10.0,37.8,10.7,zanahoria
6.27,23.17,rocoso,29.0,58.93,11.7,naranjas
5.92,94.27,arenoso,33.0,285.43,9.2,arroz
6.51,64.96,limoso,32.0,52.65,3.3,uva
6.56,60.77,arcilloso,22.0,170.32,8.1,trigo
6.36,51.27,limoso,21.0,173.79,5.0,naranjas
6.57,23.07,arenoso,6.0,146.89,6.8,arroz
6.29,17.65,arcilloso,31.0,193.42,10.3,trigo
6.32,22.05,arcilloso,11.0,68.95,11.9,zanahoria
6.23,18.64,arenoso,20.0,165.8,3.7,lentejas
5.83,77.96,arenoso,11.0,111.65,6.5,trigo
5.91,35.01,arenoso,5.0,198.5,4.3,lentejas
5.83,5.78,arenoso,25.0,42.37,3.2,naranjas
6.44,96.91,arenoso,2.0,171.26,12.5,arroz
6.11,88.38,arcilloso,30.0,55.58,14.5,uva
6.31,92.78,arenoso,13.0,83.59,5.9,naranjas
6.71,99.49,arcilloso,0.0,65.61,12.0,lentejas
6.05,17.39,arcilloso,20.0,54.85,14.4,soja
6.21,39.62,arenoso,2.0,247.71,13.5,trigo
6.56,75.82,arenoso,11.0,85.71,2.9,naranjas
6.03,69.6,rocoso,28.0,278.14,15.3,lentejas
5.88,15.39,arcilloso,3.0,290.98,6.0,zanahoria
6.09,81.58,arenoso,34.0,171.38,5.4,trigo
5.96,22.44,arenoso,0.0,42.9,1.0,zanahoria
6.73,22.38,arenoso,10.0,112.36,7.8,lentejas
6.61,53.7,rocoso,30.0,239.32,1.7,arroz
6.43,59.29,rocoso,13.0,110.22,4.0,maiz
6.67,58.01,limoso,4.0,26.11,5.1,zanahoria
6.6,9.15,arcilloso,14.0,167.04,12.9,naranjas
5.99,87.75,limoso,11.0,253.54,14.0,uva
6.69,26.56,arenoso,34.0,238.78,4.8,naranjas
6.34,12.95,rocoso,13.0,52.54,13.7,trigo
6.61,88.87,rocoso,32.0,201.83,13.7,arroz
6.7,95.57,limoso,36.0,66.15,12.2,lentejas
6.12,86.21,rocoso,17.0,65.46,2.3,soja
5.91,80.95,arenoso,36.0,262.22,11.0,uva
6.03,65.52,rocoso,15.0,74.9,15.1,arroz
6.23,55.09,limoso,39.0,78.97,10.9,zanahoria
6.62,8.7,arenoso,4.0,0.2,5.3,zanahoria
6.66,40.85,limoso,27.0,261.2,8.0,naranjas
5.81,37.27,rocoso,20.0,237.78,10.3,soja
6.31,25.98,limoso,16.0,188.2,8.2,arroz
6.22,72.34,limoso,25.0,225.08,1.9,maiz
6.02,49.59,arcilloso,28.0,45.61,5.0,uva
5.92,8.1,rocoso,0.0,137.5,12.8,trigo
6.14,22.02,rocoso,7.0,105.37,13.8,arroz
6.74,68.33,limoso,29.0,28.13,2.2,arroz
6.12,7.61,arcilloso,27.0,145.84,15.2,maiz
6.32,85.12,rocoso,39.0,276.22,5.3,naranjas
6.5,49.51,arenoso,30.0,12.02,10.6,lentejas
6.16,48.06,limoso,38.0,87.44,12.0,lentejas
6.77,59.24,rocoso,28.0,62.26,13.0,uva
6.76,82.47,arenoso,12.0,71.44,15.1,uva
6.05,34.78,rocoso,4.0,272.53,5.0,trigo
6.3,67.8,arenoso,31.0,140.42,13.7,arroz
6.1,56.57,limoso,26.0,139.89,2.1,soja
6.08,26.7,rocoso,2.0,228.17,11.3,arroz
5.84,87.86,rocoso,14.0,46.35,11.9,lentejas
6.41,79.74,arcilloso,38.0,146.18,10.8,trigo
6.3,65.85,limoso,20.0,129.0,4.0,arroz
5.85,85.06,arenoso,17.0,179.07,14.0,maiz
6.08,86.73,rocoso,18.0,299.87,2.7,lentejas
6.71,70.84,rocoso,8.0,230.83,0.9,arroz
6.04,83.7,arenoso,15.0,119.36,11.5,arroz
5.94,69.75,limoso,15.0,248.27,7.6,lentejas
6.29,68.01,arcilloso,2.0,51.21,13.6,soja
6.79,61.86,arcilloso,31.0,9.14,6.1,lentejas
6.04,75.27,rocoso,17.0,61.33,2.7,maiz
6.47,15.86,arenoso,33.0,102.12,13.4,maiz
6.56,88.09,rocoso,34.0,153.17,8.8,arroz
6.04,87.18,arenoso,8.0,184.54,3.0,uva
6.53,2.92,arcilloso,26.0,273.18,11.5,soja
6.17,82.58,limoso,19.0,152.96,8.2,arroz
6.43,12.89,arenoso,35.0,150.38,9.7,lentejas
6.43,33.51,arcilloso,9.0,15.07,7.4,arroz
6.34,74.35,rocoso,27.0,10.47,13.3,trigo
5.89,16.08,arenoso,24.0,165.35,13.3,trigo
6.64,81.8,limoso,12.0,131.45,11.4,uva
6.12,83.21,rocoso,5.0,251.75,1.7,soja
5.99,50.75,rocoso,26.0,48.2,13.4,naranjas
5.84,0.64,arcilloso,30.0,7.49,10.7,zanahoria
6.39,28.7,arenoso,13.0,134.71,11.2,trigo
6.48,61.69,rocoso,26.0,71.24,5.8,naranjas
5.82,98.12,limoso,16.0,14.88,14.1,maiz
6.31,63.18,arenoso,29.0,217.38,11.6,trigo
6.03,25.98,limoso,8.0,33.48,1.8,trigo
6.45,63.4,rocoso,36.0,182.5,6.5,soja
5.97,54.0,limoso,11.0,84.31,14.2,uva
6.49,77.98,arcilloso,15.0,52.05,0.8,naranjas
6.19,10.7,limoso,2.0,113.93,15.4,lentejas
6.74,76.1,arenoso,4.0,240.43,10.9,trigo
5.94,54.13,limoso,21.0,117.63,10.1,trigo
6.14,96.3,limoso,11.0,225.23,4.3,soja
5.91,34.19,arcilloso,33.0,37.65,4.0,soja
6.72,63.26,limoso,1.0,231.83,15.1,uva
6.68,93.2,limoso,15.0,71.08,4.8,naranjas
6.06,10.25,rocoso,13.0,203.22,12.4,maiz
6.46,93.72,rocoso,1.0,169.73,6.3,lentejas
6.62,68.79,arenoso,5.0,278.74,2.2,uva
6.36,6.78,rocoso,17.0,116.2,0.2,zanahoria
6.33,30.1,rocoso,20.0,19.85,8.7,maiz
6.04,70.82,rocoso,16.0,5.75,15.6,arroz
5.89,6.74,rocoso,21.0,248.06,5.9,trigo
6.7,58.22,arcilloso,24.0,157.42,5.7,naranjas
6.7,34.59,rocoso,0.0,232.57,5.5,uva
6.43,62.09,arcilloso,19.0,70.33,8.3,trigo
6.14,4.57,arcilloso,39.0,103.53,7.1,naranjas
6.15,87.15,rocoso,21.0,9.03,14.1,naranjas
6.53,97.35,limoso,27.0,288.45,8.1,naranjas
6.7,96.89,arcilloso,12.0,200.36,8.1,trigo
6.69,74.97,limoso,31.0,279.96,2.2,uva
6.58,13.01,limoso,31.0,79.65,15.7,lentejas
6.44,75.83,rocoso,21.0,183.44,4.0,soja
5.88,2.46,arenoso,39.0,203.55,1.2,trigo
5.96,2.21,rocoso,5.0,95.26,10.6,zanahoria
6.7,32.36,arenoso,1.0,254.43,9.5,naranjas
6.41,48.86,arenoso,31.0,284.15,6.6,uva
5.81,77.04,rocoso,32.0,265.46,6.8,lentejas
5.9,68.33,rocoso,5.0,221.72,12.6,arroz
6.46,44.59,arenoso,11.0,83.24,3.1,zanahoria
5.81,27.36,rocoso,1.0,84.48,13.1,maiz
5.96,99.71,arenoso,12.0,289.01,10.4,zanahoria
6.35,42.62,limoso,31.0,3.09,6.7,naranjas
6.49,45.14,rocoso,21.0,214.81,7.3,arroz
6.45,16.36,limoso,14.0,211.87,4.1,soja
6.02,79.48,arcilloso,15.0,186.81,12.0,lentejas
6.51,69.37,limoso,0.0,297.03,8.2,lentejas
6.04,22.08,limoso,12.0,93.56,5.1,naranjas
6.13,8.24,arenoso,26.0,101.99,9.5,zanahoria
6.55,68.05,limoso,39.0,23.68,15.9,zanahoria
6.45,65.45,rocoso,34.0,132.84,7.0,lentejas
6.65,27.33,arenoso,1.0,78.31,14.7,arroz
6.46,95.09,arcilloso,36.0,103.02,5.5,naranjas
6.37,15.11,rocoso,31.0,250.37,0.9,trigo
5.89,43.23,arcilloso,31.0,280.65,3.3,uva
6.17,94.36,limoso,18.0,55.72,6.7,arroz
6.07,41.97,rocoso,16.0,111.75,3.5,uva
6.04,63.85,rocoso,12.0,278.59,0.0,trigo
6.77,39.76,arcilloso,3.0,18.54,14.6,trigo
6.19,27.42,rocoso,9.0,27.71,13.5,uva
6.69,98.4,rocoso,10.0,48.84,11.9,arroz
6.43,40.93,rocoso,19.0,178.56,2.7,uva
6.59,89.41,limoso,30.0,45.14,1.9,uva
6.3,23.0,arcilloso,19.0,290.42,1.1,maiz
6.38,21.31,rocoso,2.0,134.01,11.6,arroz
6.29,3.11,arenoso,38.0,150.46,14.9,zanahoria
6.0,65.17,arenoso,38.0,74.0,6.9,zanahoria
6.52,36.85,arenoso,31.0,141.29,1.9,maiz
6.08,86.44,arenoso,40.0,198.57,8.2,naranjas
5.82,47.32,limoso,22.0,225.35,5.6,lentejas
6.45,96.82,rocoso,39.0,226.16,6.0,zanahoria
5.98,18.55,arcilloso,3.0,173.37,9.9,uva
6.74,86.86,rocoso,15.0,271.31,11.5,naranjas
6.75,77.66,limoso,9.0,245.22,1.8,zanahoria
6.71,77.09,arenoso,8.0,227.11,0.6,arroz
6.17,84.48,limoso,6.0,16.68,15.9,uva
5.82,76.1,rocoso,25.0,2.06,3.7,lentejas
6.73,62.62,arcilloso,31.0,63.73,0.9,naranjas
6.23,13.12,limoso,23.0,199.06,3.0,zanahoria
6.77,3.25,arcilloso,6.0,123.36,0.6,zanahoria
6.76,92.08,limoso,32.0,120.72,6.3,soja
6.65,61.67,arcilloso,25.0,265.38,12.8,zanahoria
6.09,79.65,arcilloso,16.0,268.67,5.5,trigo
6.19,48.15,arenoso,27.0,272.75,7.1,uva
6.65,11.73,arcilloso,10.0,94.16,10.8,lentejas
6.12,12.52,arenoso,14.0,207.32,8.1,trigo
5.97,68.56,rocoso,37.0,81.49,13.8,maiz
6.36,43.03,rocoso,12.0,57.18,13.9,naranjas
6.74,20.05,arenoso,19.0,55.39,0.2,zanahoria
6.5,49.16,arenoso,36.0,102.63,12.4,maiz
6.37,6.42,limoso,28.0,128.99,7.4,lentejas
5.9,58.2,limoso,2.0,249.28,15.8,uva
6.42,26.9,limoso,6.0,35.97,7.7,trigo
6.79,79.76,rocoso,0.0,220.48,15.8,trigo
5.94,31.04,limoso,25.0,159.44,12.1,naranjas
6.32,45.52,arcilloso,18.0,86.38,4.0,uva
6.68,1.16,arcilloso,5.0,147.85,8.6,zanahoria
6.54,7.24,limoso,38.0,89.98,15.9,soja
6.5,39.25,arcilloso,21.0,178.82,13.7,soja
6.5,47.99,rocoso,10.0,130.15,1.6,naranjas
6.16,60.0,arcilloso,20.0,49.32,11.3,uva
6.09,29.17,rocoso,27.0,34.97,5.5,naranjas
6.61,69.5,arenoso,3.0,164.01,0.1,uva
6.61,86.01,arenoso,11.0,270.72,6.5,lentejas
6.67,77.99,arenoso,32.0,103.19,3.8,lentejas
6.71,3.96,arenoso,18.0,219.9,13.1,maiz
6.31,48.05,arcilloso,22.0,197.6,5.4,zanahoria
6.3,10.49,limoso,17.0,279.47,13.2,naranjas
6.6,24.2,arcilloso,2.0,246.29,0.0,zanahoria
6.45,98.67,rocoso,7.0,169.98,4.9,uva
6.5,14.25,arcilloso,18.0,197.11,3.9,soja
6.6,49.89,arcilloso,8.0,269.52,3.7,zanahoria
6.69,61.82,rocoso,2.0,119.86,1.1,uva
6.14,70.25,arenoso,34.0,98.04,3.0,lentejas
6.18,55.96,arenoso,39.0,3.24,8.9,uva
5.89,0.98,arenoso,32.0,247.97,4.7,naranjas
6.38,32.65,limoso,34.0,240.29,6.7,maiz
5.84,51.77,rocoso,10.0,31.34,6.0,maiz
6.27,8.79,rocoso,38.0,173.06,14.0,maiz
6.34,35.06,arcilloso,8.0,139.19,14.5,maiz
6.09,3.32,limoso,38.0,35.61,7.9,lentejas
6.39,7.86,arenoso,40.0,294.17,5.3,arroz
5.83,39.69,limoso,28.0,64.41,1.7,zanahoria
5.84,13.27,rocoso,39.0,20.17,15.3,naranjas
6.62,56.75,rocoso,23.0,178.45,1.0,trigo
6.16,68.95,arcilloso,10.0,221.66,4.8,naranjas
5.93,80.06,arcilloso,17.0,9.73,4.8,arroz
6.32,20.02,rocoso,24.0,197.62,5.1,maiz
6.57,16.75,arenoso,3.0,159.69,2.6,arroz
6.02,10.46,arenoso,25.0,30.98,12.5,soja
6.42,63.64,limoso,39.0,51.76,2.0,soja
5.89,70.65,rocoso,8.0,170.39,10.2,zanahoria
5.85,3.16,rocoso,32.0,88.91,2.0,lentejas
6.33,93.62,arenoso,36.0,281.49,1.1,naranjas
6.34,5.2,arenoso,38.0,245.62,14.6,naranjas
6.44,54.13,rocoso,38.0,295.07,3.0,trigo
6.53,70.91,arcilloso,21.0,77.9,13.1,lentejas
6.78,87.1,rocoso,39.0,290.92,8.7,trigo
6.32,71.41,rocoso,30.0,129.37,1.2,soja
6.12,80.17,arenoso,6.0,104.26,15.3,maiz
6.6,33.95,arenoso,19.0,15.1,4.0,arroz
6.07,81.48,arcilloso,29.0,15.83,13.8,trigo
6.24,8.01,arcilloso,10.0,207.6,2.7,uva
5.88,89.48,limoso,26.0,137.38,13.7,trigo
5.83,54.76,rocoso,27.0,67.96,0.2,maiz
6.76,81.73,arenoso,7.0,184.19,8.2,maiz
6.64,45.23,arcilloso,23.0,75.86,12.3,naranjas
6.5,64.36,limoso,31.0,173.29,15.0,arroz
6.21,52.64,limoso,20.0,107.76,14.5,maiz
5.97,73.16,arenoso,0.0,247.07,13.1,lentejas
5.96,8.16,arenoso,0.0,246.21,14.2,trigo
6.05,6.04,limoso,14.0,143.21,3.2,trigo
6.35,24.71,arcilloso,37.0,105.25,4.5,soja
6.51,15.95,limoso,9.0,108.77,4.6,maiz
6.46,87.18,rocoso,25.0,241.71,6.0,uva
6.08,21.92,rocoso,9.0,98.45,6.3,naranjas
6.75,97.59,arenoso,13.0,62.72,8.7,arroz
6.54,33.69,arcilloso,34.0,25.41,2.6,uva
6.35,18.21,arcilloso,29.0,140.01,11.1,naranjas
6.41,78.97,rocoso,4.0,144.64,2.7,trigo
6.22,65.87,limoso,17.0,252.27,5.0,uva
6.05,49.82,arenoso,1.0,66.37,8.1,naranjas
6.16,55.54,limoso,19.0,114.3,12.7,trigo
6.56,71.92,limoso,26.0,242.52,11.8,trigo
5.81,22.85,limoso,5.0,247.09,10.3,trigo
5.92,99.63,arcilloso,12.0,115.38,2.5,trigo
5.85,97.48,rocoso,16.0,137.74,8.8,lentejas
5.84,65.03,arcilloso,37.0,90.99,1.4,trigo
6.66,19.95,rocoso,40.0,279.77,6.0,soja
6.5,68.02,arenoso,2.0,35.59,6.6,uva
6.27,7.22,arenoso,30.0,280.12,0.6,naranjas
5.9,3.07,limoso,15.0,205.16,4.4,soja
6.29,25.77,rocoso,16.0,159.47,15.3,lentejas
6.27,46.26,rocoso,30.0,9.8,15.3,zanahoria
5.97,86.83,rocoso,37.0,142.68,5.6,zanahoria
6.23,72.72,limoso,38.0,122.32,0.7,soja
6.2,74.27,limoso,23.0,48.37,2.9,maiz
6.42,42.55,arenoso,14.0,196.92,6.3,maiz
6.44,34.59,arcilloso,32.0,291.35,15.2,maiz
5.85,37.1,rocoso,10.0,168.66,2.3,arroz
6.17,98.76,rocoso,23.0,214.43,12.2,maiz
6.43,4.01,arcilloso,14.0,20.54,1.7,naranjas
6.3,86.7,rocoso,26.0,125.3,15.7,soja
6.66,57.87,limoso,10.0,34.91,6.1,naranjas
6.46,43.86,limoso,8.0,183.84,12.4,uva
5.96,72.53,rocoso,37.0,281.54,5.5,maiz
5.87,48.67,limoso,4.0,198.53,10.0,lentejas
6.44,87.34,limoso,20.0,23.04,3.1,arroz
5.83,90.07,rocoso,9.0,106.4,2.3,uva
6.39,42.17,arenoso,2.0,165.2,15.0,lentejas
6.74,27.68,arcilloso,1.0,120.96,14.7,arroz
6.38,59.24,limoso,7.0,250.09,14.2,zanahoria
6.19,91.24,arenoso,35.0,244.4,10.0,uva
6.44,21.07,limoso,11.0,183.55,12.9,zanahoria
6.26,62.3,limoso,38.0,112.04,1.1,soja
6.35,63.16,arcilloso,23.0,76.6,5.4,naranjas
6.74,73.31,limoso,17.0,31.76,5.0,trigo
6.19,13.16,arcilloso,23.0,106.47,10.2,naranjas
6.76,71.58,arcilloso,21.0,123.95,5.7,maiz
6.71,90.9,arcilloso,30.0,202.75,2.4,zanahoria
6.0,17.97,arenoso,11.0,197.45,9.5,lentejas
5.87,23.75,rocoso,14.0,21.03,13.0,trigo
5.9,97.14,arenoso,36.0,118.58,6.1,arroz
5.82,18.1,rocoso,38.0,54.53,2.1,zanahoria
5.89,85.44,rocoso,36.0,47.04,3.1,soja
6.48,49.23,arcilloso,17.0,248.19,3.8,soja
5.87,24.72,limoso,31.0,12.57,4.8,zanahoria
6.12,87.07,arcilloso,19.0,125.75,10.3,zanahoria
6.64,44.53,limoso,20.0,50.46,9.6,zanahoria
5.82,51.48,rocoso,8.0,263.8,11.1,arroz
6.61,35.92,arcilloso,24.0,167.11,5.8,maiz
6.08,59.3,limoso,7.0,69.41,13.2,arroz
5.92,16.35,arenoso,13.0,150.73,3.3,uva
6.5,39.11,limoso,34.0,219.45,7.5,lentejas
6.43,96.94,arcilloso,8.0,287.44,12.8,zanahoria
6.68,25.81,arenoso,3.0,66.13,2.9,lentejas
6.54,65.67,limoso,3.0,265.85,1.8,maiz
6.6,32.52,limoso,38.0,280.29,14.1,trigo
6.08,77.35,limoso,20.0,274.93,5.5,arroz
5.98,13.09,limoso,16.0,190.62,10.9,maiz
6.55,96.98,limoso,32.0,188.95,0.4,lentejas
6.61,45.38,arenoso,33.0,120.96,11.0,trigo
6.79,23.61,rocoso,13.0,225.72,5.1,arroz
6.21,7.35,arenoso,28.0,159.39,0.9,soja
6.17,16.98,arenoso,31.0,203.23,9.8,arroz
6.58,51.98,arenoso,26.0,128.54,3.9,naranjas
6.14,33.7,rocoso,6.0,219.45,6.2,arroz
6.73,82.89,arcilloso,35.0,247.34,1.3,naranjas
6.66,43.09,rocoso,22.0,43.93,2.4,trigo
6.23,24.87,arenoso,11.0,249.88,4.8,arroz
6.55,61.71,limoso,17.0,162.09,1.4,trigo
6.55,70.68,limoso,2.0,253.4,14.6,trigo
5.9,16.7,arenoso,5.0,129.39,0.1,lentejas
6.7,16.76,limoso,31.0,113.71,7.7,maiz
6.31,3.67,arenoso,0.0,274.52,2.0,trigo
6.63,73.64,limoso,17.0,75.35,4.9,trigo
6.12,66.38,rocoso,21.0,253.26,14.8,lentejas
6.7,47.46,arcilloso,2.0,145.21,2.6,lentejas
6.19,84.42,arcilloso,39.0,154.23,15.5,arroz
5.81,80.57,rocoso,9.0,92.54,3.3,lentejas
6.71,58.54,rocoso,12.0,171.91,11.9,arroz
5.89,86.83,arenoso,12.0,97.56,8.7,soja
6.12,20.58,arenoso,9.0,11.78,14.2,lentejas
6.75,11.19,arenoso,0.0,81.6,8.9,maiz
6.75,26.97,limoso,29.0,1.91,8.6,trigo
6.37,5.71,arenoso,39.0,293.51,3.1,maiz
6.43,53.12,rocoso,9.0,289.72,2.7,naranjas
6.25,93.66,arcilloso,27.0,118.55,14.7,zanahoria
6.09,3.93,limoso,30.0,218.51,5.2,lentejas
6.13,12.21,arenoso,34.0,103.74,6.0,trigo
6.47,45.22,limoso,17.0,201.33,12.2,maiz
6.55,93.39,limoso,12.0,241.63,5.4,lentejas
6.59,31.62,arenoso,13.0,284.03,15.2,lentejas
6.59,50.72,limoso,29.0,120.06,11.8,zanahoria
5.89,4.16,arcilloso,33.0,234.99,9.6,soja
6.29,14.83,rocoso,7.0,79.78,14.1,soja
5.86,98.66,rocoso,15.0,297.1,0.8,trigo
6.35,96.51,arcilloso,36.0,7.73,4.1,naranjas
6.24,0.49,limoso,32.0,181.06,7.4,soja
6.69,95.18,arenoso,39.0,197.85,3.6,zanahoria
6.15,63.91,limoso,30.0,206.41,11.9,soja
5.92,86.79,arcilloso,16.0,36.12,14.7,naranjas
5.94,45.47,limoso,24.0,281.56,6.8,maiz
6.56,51.56,rocoso,26.0,54.35,5.5,soja
6.42,48.88,limoso,3.0,186.83,15.4,zanahoria
5.9,66.69,arcilloso,22.0,66.8,7.1,arroz
5.88,13.97,rocoso,28.0,92.16,7.8,zanahoria
6.5,3.0,limoso,7.0,163.94,5.6,uva
5.87,30.79,limoso,31.0,125.16,14.6,uva
6.62,70.47,rocoso,23.0,48.07,9.1,soja
6.51,20.19,arenoso,38.0,51.28,12.2,maiz
5.88,67.34,rocoso,2.0,125.44,13.0,lentejas
5.88,96.99,arenoso,11.0,227.18,5.5,maiz
6.79,9.39,arcilloso,24.0,269.39,6.9,zanahoria
6.17,67.26,arcilloso,12.0,25.24,13.6,trigo
6.17,44.38,rocoso,29.0,117.93,5.8,arroz
6.61,86.81,rocoso,30.0,30.07,12.7,maiz
6.75,17.71,arcilloso,4.0,4.98,15.1,naranjas
6.79,69.26,arenoso,21.0,198.52,10.0,zanahoria
6.55,83.81,arcilloso,20.0,180.73,11.9,arroz
6.18,94.46,rocoso,15.0,48.91,12.9,uva
5.88,68.32,arcilloso,37.0,70.14,13.5,zanahoria
6.58,49.72,rocoso,33.0,7.11,6.3,arroz
6.36,61.78,rocoso,28.0,250.48,0.8,naranjas
6.22,86.89,arcilloso,29.0,292.41,6.4,soja
6.71,57.06,arenoso,18.0,40.64,10.8,naranjas
5.91,3.04,limoso,37.0,69.44,7.2,naranjas
6.29,93.09,arcilloso,28.0,260.52,12.0,soja
5.81,68.95,limoso,29.0,277.94,5.7,soja
6.27,67.65,arcilloso,34.0,125.89,10.2,soja
5.86,21.57,limoso,11.0,15.19,3.0,soja
5.92,65.89,arenoso,32.0,11.82,12.0,soja
5.92,39.39,arenoso,8.0,172.18,8.7,naranjas
6.45,65.12,arcilloso,14.0,117.87,3.3,trigo
6.55,10.66,rocoso,13.0,8.6,4.7,trigo
6.38,65.78,limoso,39.0,174.98,12.0,zanahoria
6.76,99.94,rocoso,34.0,3.39,7.7,maiz
6.17,4.82,rocoso,28.0,236.21,3.5,trigo
6.09,97.72,rocoso,29.0,91.93,15.5,uva
6.67,40.69,arenoso,22.0,12.08,11.4,trigo
6.02,87.08,arcilloso,38.0,176.51,15.3,naranjas
6.76,78.24,arcilloso,20.0,119.31,6.8,soja
5.81,56.7,arenoso,15.0,292.14,7.6,zanahoria
6.77,73.84,arenoso,7.0,163.26,14.4,soja
5.84,87.85,arcilloso,31.0,82.57,8.4,lentejas
6.69,40.41,rocoso,29.0,212.83,11.3,lentejas
6.33,32.7,limoso,15.0,81.45,4.0,lentejas
6.79,66.76,limoso,1.0,271.27,7.1,naranjas
5.87,80.78,limoso,34.0,112.42,2.0,uva
6.35,76.23,rocoso,0.0,164.96,3.3,trigo
6.77,79.78,arcilloso,28.0,15.17,0.0,naranjas
6.32,43.56,arenoso,39.0,127.84,0.6,maiz
6.43,81.78,arcilloso,18.0,249.71,15.6,zanahoria
6.5,12.02,rocoso,9.0,241.69,3.9,soja
6.25,54.45,arenoso,28.0,67.3,10.6,lentejas
6.43,0.58,rocoso,33.0,67.82,13.4,arroz
6.38,32.46,limoso,22.0,245.19,8.8,maiz
6.7,36.65,limoso,39.0,279.12,2.5,lentejas
5.85,39.62,rocoso,2.0,28.61,11.6,uva
6.08,69.55,arenoso,20.0,135.02,9.6,maiz
6.75,38.86,arenoso,29.0,101.24,11.7,naranjas
6.69,44.87,arcilloso,35.0,261.21,12.3,trigo
6.26,23.75,limoso,7.0,25.06,15.6,soja
6.42,37.33,arcilloso,32.0,63.34,9.2,zanahoria
6.08,22.73,arcilloso,22.0,225.74,5.5,uva
5.99,7.32,rocoso,16.0,15.39,10.4,uva
6.26,60.34,rocoso,5.0,147.76,1.1,arroz
6.15,66.82,arcilloso,35.0,132.63,14.4,maiz
6.38,61.95,limoso,6.0,100.32,1.9,arroz
5.88,46.35,rocoso,12.0,118.37,5.2,trigo
6.77,37.98,arcilloso,12.0,158.98,13.1,lentejas
6.79,86.33,arcilloso,35.0,48.41,9.6,trigo
6.5,51.91,arcilloso,27.0,171.6,6.3,lentejas
6.34,47.92,arcilloso,32.0,241.63,7.6,arroz
6.11,2.56,arcilloso,10.0,228.05,13.7,soja
6.61,34.12,arcilloso,25.0,46.17,5.4,trigo
6.48,38.02,rocoso,23.0,44.77,13.9,arroz
5.96,39.88,limoso,33.0,80.45,1.4,maiz
6.71,58.02,arcilloso,36.0,108.32,12.4,arroz
6.62,53.36,arenoso,0.0,122.54,13.6,arroz
6.75,60.79,rocoso,27.0,203.91,2.9,naranjas
6.53,76.49,rocoso,2.0,17.0,6.9,trigo
6.41,81.3,arcilloso,22.0,10.4,2.6,zanahoria
6.22,71.81,rocoso,12.0,117.57,11.3,soja
6.73,95.55,arcilloso,12.0,209.15,8.6,soja
6.67,1.82,limoso,14.0,58.03,10.2,naranjas
5.85,19.58,limoso,25.0,192.45,3.1,lentejas
5.83,0.76,rocoso,13.0,77.95,3.4,uva
6.18,64.75,rocoso,29.0,265.83,0.7,lentejas
6.61,89.8,arenoso,16.0,268.71,5.2,soja
6.79,24.35,rocoso,3.0,89.19,9.0,arroz
5.95,92.7,arenoso,31.0,69.0,13.7,naranjas
6.39,6.03,limoso,11.0,123.39,10.7,maiz
6.18,93.44,limoso,17.0,72.16,7.0,trigo
6.77,35.16,arcilloso,27.0,201.72,15.2,trigo
6.64,10.14,limoso,13.0,247.82,11.5,zanahoria
6.64,48.59,arenoso,2.0,201.93,14.9,trigo
6.27,25.68,rocoso,15.0,247.31,8.4,arroz
6.21,28.49,arcilloso,38.0,119.1,4.1,maiz
6.07,30.73,arenoso,26.0,46.9,0.8,naranjas
5.86,80.3,rocoso,27.0,221.39,11.6,naranjas
6.66,53.92,arcilloso,25.0,108.14,1.9,trigo
6.61,31.13,limoso,8.0,201.38,4.8,maiz
6.8,61.03,arenoso,17.0,81.19,8.5,maiz
6.8,71.62,rocoso,30.0,24.37,9.0,maiz
6.36,27.26,arcilloso,4.0,297.77,9.6,soja
6.57,41.35,arcilloso,11.0,46.86,2.7,soja
6.74,12.19,limoso,11.0,296.53,6.1,trigo
6.65,18.11,rocoso,17.0,293.18,9.9,maiz
6.05,68.11,limoso,39.0,238.15,15.5,uva
6.25,18.14,limoso,3.0,197.83,11.6,maiz
5.93,52.52,rocoso,21.0,173.34,14.8,naranjas
6.75,70.9,rocoso,7.0,259.83,12.2,naranjas
6.41,10.69,rocoso,39.0,86.83,9.5,trigo
6.03,56.73,arenoso,5.0,140.3,3.1,uva
6.47,25.66,rocoso,16.0,185.82,10.7,maiz
6.42,96.29,arcilloso,30.0,123.36,10.0,lentejas
6.16,48.35,limoso,28.0,128.25,9.6,uva
5.91,80.6,arenoso,17.0,99.09,7.8,zanahoria
6.47,55.02,rocoso,14.0,169.27,8.5,trigo
6.32,4.34,arenoso,16.0,255.17,5.4,naranjas
6.57,63.32,rocoso,11.0,60.46,8.3,lentejas
6.32,95.14,arenoso,8.0,280.33,3.2,naranjas
6.65,60.16,limoso,19.0,206.73,12.9,soja
6.35,81.92,limoso,11.0,246.98,3.0,trigo
6.36,88.42,arcilloso,11.0,166.86,1.4,trigo
6.68,22.81,arcilloso,26.0,233.86,7.0,maiz
6.2,21.2,rocoso,39.0,4.86,10.5,maiz
5.93,61.1,limoso,24.0,245.51,7.0,soja
5.83,41.1,arenoso,3.0,12.04,4.4,lentejas
6.56,83.99,arenoso,3.0,266.97,8.9,zanahoria
6.42,90.0,arenoso,38.0,297.59,5.6,arroz
6.5,35.34,arcilloso,12.0,88.22,14.9,uva
6.01,23.69,arenoso,4.0,63.1,14.8,arroz
5.94,78.05,arcilloso,24.0,229.61,8.0,arroz
5.81,27.48,arcilloso,25.0,75.91,5.2,trigo
6.15,82.26,rocoso,26.0,259.67,11.8,uva
6.39,42.37,arenoso,11.0,30.85,0.6,trigo
6.19,66.75,arenoso,1.0,37.79,7.6,zanahoria
6.24,9.55,limoso,39.0,293.75,5.4,uva
6.7,62.39,rocoso,10.0,202.15,14.7,naranjas
6.15,45.18,limoso,27.0,254.07,0.2,trigo
6.31,58.66,rocoso,28.0,97.3,8.8,trigo
6.58,16.8,arenoso,24.0,202.95,11.9,trigo
6.2,73.69,arcilloso,13.0,178.27,7.8,lentejas
6.42,86.28,arcilloso,11.0,180.95,1.4,soja
6.66,21.67,arcilloso,24.0,204.76,15.6,trigo
6.75,9.57,arcilloso,35.0,172.61,8.3,zanahoria
5.95,2.36,arcilloso,38.0,128.72,9.8,maiz
6.73,64.2,limoso,4.0,82.78,3.8,maiz
6.29,60.71,rocoso,6.0,230.57,7.7,uva
6.06,54.67,arenoso,38.0,67.88,6.9,naranjas
6.26,23.19,limoso,29.0,207.71,1.2,soja
6.78,39.09,rocoso,35.0,70.0,1.7,lentejas
6.29,59.45,arcilloso,8.0,187.6,13.4,uva
6.13,49.68,rocoso,24.0,224.12,3.8,maiz
6.43,98.78,rocoso,28.0,65.61,3.1,soja
6.04,13.64,arcilloso,27.0,17.98,8.1,soja
5.88,69.51,arcilloso,16.0,39.29,12.3,naranjas
5.93,40.43,arcilloso,1.0,181.8,1.0,zanahoria
5.93,42.82,arenoso,23.0,254.83,9.2,soja
5.95,71.76,arcilloso,10.0,13.5,1.9,trigo
5.94,69.24,arenoso,18.0,220.25,0.6,soja
6.44,99.13,arcilloso,38.0,102.4,0.8,naranjas
5.98,12.84,arenoso,16.0,143.56,13.3,uva
6.15,10.41,rocoso,34.0,278.66,1.9,naranjas
6.7,72.43,limoso,8.0,99.59,0.7,lentejas
6.27,57.84,rocoso,27.0,139.6,7.0,naranjas
6.47,27.42,rocoso,39.0,4.1,13.5,maiz
5.97,7.94,arcilloso,4.0,24.48,4.2,trigo
5.99,8.57,arenoso,0.0,77.58,6.7,zanahoria
5.84,89.42,limoso,17.0,8.36,0.6,maiz
5.97,19.19,arcilloso,4.0,189.41,7.2,uva
6.08,32.34,arcilloso,30.0,127.92,9.2,arroz
5.98,22.67,arcilloso,37.0,164.44,9.1,uva
5.89,35.5,rocoso,17.0,52.39,5.3,trigo
5.92,6.94,arenoso,10.0,88.78,5.0,soja
6.26,51.91,arenoso,17.0,199.15,1.7,naranjas
6.01,6.76,limoso,29.0,289.59,5.9,arroz
6.16,80.04,arenoso,0.0,15.13,1.6,trigo
6.3,23.37,arenoso,24.0,267.12,12.3,maiz
6.49,54.0,arcilloso,25.0,173.06,15.5,naranjas
5.84,88.01,arcilloso,26.0,169.18,15.5,uva
6.6,65.09,rocoso,10.0,150.08,13.8,maiz
6.43,53.3,arcilloso,29.0,20.82,9.6,trigo
5.88,32.43,arcilloso,4.0,26.96,11.2,trigo
6.67,33.3,arcilloso,8.0,180.27,4.6,uva
6.72,66.95,arcilloso,35.0,102.29,10.1,arroz
5.86,99.41,rocoso,30.0,275.18,7.3,uva
6.08,66.18,arcilloso,1.0,121.98,7.7,soja
6.61,55.78,limoso,10.0,42.98,12.1,maiz
6.55,73.07,limoso,9.0,214.42,4.5,arroz
5.98,46.52,limoso,11.0,88.01,5.1,naranjas
6.01,6.01,limoso,10.0,157.64,14.8,lentejas
6.17,56.23,arcilloso,3.0,209.35,0.9,soja
6.28,95.76,limoso,18.0,270.08,7.8,arroz
6.42,17.53,arcilloso,29.0,237.66,14.6,lentejas
6.17,69.0,rocoso,24.0,202.91,9.8,lentejas
6.26,20.09,limoso,27.0,203.89,8.7,maiz
6.55,53.58,arenoso,3.0,283.78,4.0,trigo
5.84,9.67,limoso,38.0,88.75,5.5,naranjas
6.05,45.04,limoso,34.0,0.33,13.6,uva
6.51,75.62,arcilloso,32.0,81.59,8.9,maiz
6.7,34.76,limoso,33.0,65.37,8.2,soja
6.31,66.49,arenoso,37.0,198.55,1.6,zanahoria
6.33,79.54,arcilloso,22.0,190.11,0.3,lentejas
5.91,92.72,arcilloso,8.0,178.04,15.4,soja
6.25,23.46,rocoso,25.0,4.87,6.0,lentejas
6.33,39.93,rocoso,30.0,218.63,9.7,trigo
6.04,15.24,limoso,30.0,97.06,1.3,zanahoria
6.07,99.25,rocoso,21.0,199.52,10.9,trigo
6.18,92.7,rocoso,3.0,166.97,14.9,naranjas
5.82,54.0,rocoso,15.0,102.82,9.2,uva
6.12,84.2,arcilloso,37.0,40.37,2.0,naranjas
6.01,52.1,arcilloso,23.0,28.33,9.3,trigo
6.13,62.36,arcilloso,22.0,249.46,12.3,trigo
5.92,8.91,rocoso,11.0,275.52,6.5,soja
6.69,75.53,arcilloso,15.0,194.94,14.1,trigo
6.39,12.77,rocoso,36.0,31.03,10.4,zanahoria
6.48,82.61,arcilloso,27.0,120.61,14.4,zanahoria
6.59,78.2,arcilloso,31.0,218.68,10.0,arroz
6.3,70.87,arenoso,18.0,233.95,2.1,lentejas
5.89,3.62,limoso,25.0,35.47,5.0,maiz
6.34,30.31,rocoso,10.0,0.01,3.2,trigo
6.39,26.31,arenoso,28.0,213.64,14.5,naranjas
6.55,36.01,arcilloso,17.0,106.98,12.2,uva
6.23,8.76,rocoso,18.0,76.34,10.8,lentejas
5.93,93.7,arcilloso,26.0,3.87,4.8,lentejas
6.08,55.38,limoso,37.0,162.09,2.9,uva
6.16,30.55,arenoso,3.0,255.35,12.1,uva
6.45,39.7,limoso,33.0,287.29,7.6,lentejas
6.37,44.72,arenoso,12.0,169.72,3.6,arroz
6.16,60.06,arcilloso,18.0,154.34,9.9,naranjas
6.79,51.57,limoso,1.0,25.52,0.6,arroz
6.41,91.94,limoso,12.0,164.66,5.2,trigo
6.04,49.7,arcilloso,20.0,113.99,7.5,maiz
5.9,99.22,limoso,2.0,182.14,2.4,uva
5.95,85.14,rocoso,20.0,116.62,15.8,zanahoria
6.05,20.85,arenoso,37.0,72.09,3.3,naranjas
5.96,93.06,arenoso,4.0,28.49,2.1,uva
5.99,11.64,arenoso,31.0,94.48,3.3,arroz
6.09,81.74,rocoso,16.0,28.99,12.3,soja
5.97,38.06,arenoso,26.0,53.07,6.8,trigo
6.7,87.8,arcilloso,10.0,296.2,9.0,maiz
5.88,86.81,limoso,6.0,133.23,0.3,trigo
6.32,80.59,rocoso,6.0,159.56,0.6,soja
6.21,79.0,arenoso,3.0,262.09,7.1,maiz
6.78,30.47,arcilloso,7.0,298.67,13.1,soja
5.91,8.09,limoso,27.0,174.81,14.2,trigo
6.2,40.3,limoso,35.0,243.74,1.4,arroz
6.77,17.35,rocoso,33.0,98.08,8.6,lentejas
6.67,69.5,rocoso,27.0,91.72,14.6,trigo
6.62,34.61,rocoso,4.0,120.81,6.2,trigo
6.06,97.56,arcilloso,12.0,201.75,13.3,trigo
5.97,64.1,arcilloso,12.0,204.66,2.1,naranjas
6.47,82.25,rocoso,10.0,94.57,15.0,soja
6.73,13.25,arenoso,21.0,39.96,12.0,zanahoria
6.36,86.2,limoso,21.0,189.72,15.1,soja
6.37,92.28,limoso,14.0,38.5,10.8,uva
6.08,48.71,arcilloso,14.0,173.55,5.8,soja
6.57,60.63,limoso,33.0,208.03,15.0,uva
5.99,76.48,arenoso,32.0,210.18,4.4,naranjas
6.12,17.48,limoso,12.0,226.04,5.3,arroz
6.23,50.26,arcilloso,37.0,261.86,11.2,uva
6.31,39.87,arcilloso,38.0,149.99,12.2,trigo
6.04,14.64,arenoso,13.0,219.07,14.9,arroz
5.91,36.75,arenoso,14.0,185.75,3.3,lentejas
6.41,6.82,limoso,20.0,55.99,12.8,naranjas
6.09,2.58,limoso,38.0,7.71,11.8,soja
6.38,13.52,arcilloso,35.0,85.36,1.0,uva
5.95,96.31,arenoso,4.0,132.91,6.2,zanahoria
6.28,54.95,arenoso,16.0,185.13,4.5,trigo
6.33,96.58,arenoso,22.0,254.99,4.9,maiz
5.85,43.25,limoso,20.0,58.87,15.7,lentejas
6.14,31.18,arenoso,8.0,37.66,10.3,maiz
5.93,50.61,arcilloso,34.0,289.04,11.5,arroz
5.86,43.95,arcilloso,27.0,32.41,15.6,soja
6.79,10.57,limoso,34.0,143.55,6.0,zanahoria
6.12,64.08,rocoso,34.0,175.67,12.8,maiz
6.61,21.6,limoso,30.0,162.41,7.0,arroz
6.05,61.96,rocoso,18.0,25.81,13.9,naranjas
6.48,65.02,arenoso,24.0,17.11,2.9,arroz
6.56,15.2,limoso,6.0,31.65,15.2,lentejas
6.4,6.13,arcilloso,27.0,175.68,3.5,zanahoria
6.27,78.08,arenoso,7.0,163.3,5.2,zanahoria
6.21,45.98,arcilloso,28.0,70.12,12.1,arroz
6.15,5.82,arenoso,9.0,191.33,6.3,lentejas
6.73,99.49,limoso,5.0,246.02,9.7,arroz
6.63,5.78,rocoso,7.0,12.47,7.1,zanahoria
6.77,69.5,arenoso,0.0,149.44,11.9,zanahoria
5.92,98.37,rocoso,29.0,206.79,3.7,trigo
6.53,23.92,arenoso,29.0,75.69,0.9,arroz
6.74,14.22,arcilloso,21.0,92.33,4.8,uva
5.98,12.14,arcilloso,6.0,184.09,7.6,arroz
5.87,30.33,arenoso,3.0,269.38,2.7,zanahoria
6.54,10.1,rocoso,1.0,242.98,5.7,trigo
6.37,69.22,limoso,7.0,174.94,6.4,trigo
6.64,6.23,limoso,36.0,219.07,0.9,naranjas
5.94,50.94,arcilloso,10.0,109.45,9.3,lentejas
6.6,99.67,limoso,14.0,192.29,14.1,soja
6.0,81.4,arcilloso,4.0,139.85,2.4,maiz
5.96,61.52,limoso,9.0,56.98,9.6,maiz
5.96,30.63,arenoso,21.0,210.52,10.6,arroz
6.61,62.39,arcilloso,24.0,166.94,6.7,naranjas
6.47,52.7,arcilloso,10.0,107.59,11.2,arroz
6.32,42.61,arenoso,2.0,273.4,6.6,maiz
6.16,13.07,arcilloso,16.0,6.28,8.1,lentejas
6.68,88.66,limoso,9.0,94.73,0.1,zanahoria
6.19,44.98,limoso,9.0,17.06,11.1,lentejas
6.62,19.46,arcilloso,38.0,229.96,10.6,lentejas
6.24,36.78,limoso,25.0,210.63,0.6,trigo
6.18,41.41,rocoso,22.0,99.41,5.9,zanahoria
6.26,82.75,arcilloso,17.0,202.7,15.7,soja
6.1,73.36,arenoso,17.0,118.78,6.7,zanahoria
6.55,76.93,rocoso,22.0,226.88,8.0,naranjas
6.3,1.1,arcilloso,28.0,136.26,14.6,trigo
6.03,41.62,arenoso,28.0,123.68,11.5,soja
6.7,48.13,limoso,7.0,280.42,9.3,naranjas
6.18,1.92,arenoso,20.0,75.26,12.8,naranjas
6.34,25.98,rocoso,16.0,36.13,13.8,maiz
6.71,76.03,limoso,35.0,175.36,7.3,trigo
6.42,13.71,arcilloso,25.0,290.8,7.6,naranjas
5.92,53.53,limoso,21.0,113.35,6.2,uva
6.74,21.52,arcilloso,5.0,18.61,15.5,lentejas
6.43,1.21,arcilloso,24.0,101.79,11.2,naranjas
6.13,24.12,arenoso,5.0,151.78,1.3,soja
5.94,97.59,arenoso,13.0,48.58,13.8,maiz
6.59,80.15,arenoso,6.0,197.43,7.7,arroz
6.42,95.96,rocoso,28.0,299.32,1.1,lentejas
6.33,48.79,rocoso,8.0,135.52,8.8,maiz
6.69,10.97,arenoso,16.0,106.42,6.7,arroz
6.59,54.8,rocoso,36.0,120.21,14.0,trigo
5.95,45.44,limoso,8.0,34.54,3.3,trigo
6.11,84.44,limoso,20.0,264.98,13.2,naranjas
6.05,9.81,rocoso,17.0,124.45,8.9,uva
6.54,48.82,rocoso,1.0,116.18,0.9,trigo
5.83,15.0,limoso,32.0,197.91,15.5,zanahoria
6.37,32.47,arcilloso,3.0,132.61,8.2,naranjas
6.56,73.74,limoso,19.0,194.47,4.7,lentejas
6.68,47.6,limoso,22.0,18.43,7.5,maiz
6.14,37.59,rocoso,25.0,244.12,13.7,trigo
6.62,39.45,limoso,28.0,282.15,4.9,zanahoria
5.91,45.94,rocoso,10.0,194.63,3.1,maiz
6.65,78.5,rocoso,0.0,286.37,2.1,maiz
5.93,89.21,arenoso,29.0,45.43,4.8,uva
6.2,95.53,limoso,21.0,143.22,12.5,trigo
6.6,78.69,arcilloso,33.0,180.54,7.5,maiz
5.95,31.54,arenoso,33.0,174.52,3.6,uva
6.03,68.81,rocoso,34.0,120.44,2.7,uva
6.52,43.76,rocoso,19.0,101.43,5.3,trigo
6.52,25.47,arcilloso,13.0,38.05,15.0,uva
6.44,84.09,rocoso,32.0,117.52,5.5,trigo
6.49,3.84,limoso,18.0,48.8,15.8,zanahoria
6.34,90.18,arenoso,7.0,220.31,7.8,trigo
6.05,46.15,rocoso,34.0,62.65,2.9,arroz
6.15,63.72,rocoso,35.0,17.57,14.3,maiz
5.98,65.94,arcilloso,19.0,165.71,7.4,zanahoria
6.71,89.51,limoso,3.0,178.57,11.4,soja
6.38,63.67,rocoso,16.0,261.57,15.7,trigo
6.2,61.39,arcilloso,32.0,173.09,0.8,maiz
6.26,6.67,rocoso,36.0,103.64,1.5,lentejas
6.75,51.84,arcilloso,8.0,240.9,11.5,uva
5.95,15.02,arcilloso,3.0,162.08,4.5,naranjas
6.39,73.74,limoso,35.0,23.78,2.9,trigo
6.31,51.22,rocoso,16.0,169.76,0.6,uva
6.41,68.02,limoso,22.0,272.41,0.3,uva
5.82,4.17,arcilloso,39.0,118.89,12.4,uva
6.67,8.48,arenoso,3.0,88.9,2.2,uva
6.73,71.63,rocoso,26.0,43.04,7.5,uva
6.37,7.21,arenoso,3.0,45.43,9.7,trigo
6.5,7.13,rocoso,15.0,129.83,6.9,lentejas
6.72,1.21,limoso,32.0,178.7,0.4,soja
6.51,95.65,limoso,17.0,24.18,12.5,arroz
5.95,73.75,limoso,40.0,281.87,0.2,uva
6.38,35.33,limoso,22.0,226.54,12.2,uva
6.41,29.65,limoso,13.0,175.99,14.3,arroz
6.22,34.97,arenoso,9.0,248.53,6.9,lentejas
6.54,77.47,limoso,14.0,24.06,8.6,zanahoria
6.73,66.14,arcilloso,15.0,143.05,7.6,lentejas
6.73,18.52,arcilloso,3.0,189.03,6.2,zanahoria
6.25,17.41,arenoso,15.0,248.6,14.2,trigo
5.91,9.84,rocoso,19.0,235.04,14.3,maiz
6.78,66.03,arcilloso,29.0,83.12,5.4,naranjas
6.64,76.44,rocoso,26.0,282.26,9.8,naranjas
5.92,26.5,arenoso,28.0,37.3,14.8,maiz
6.72,2.09,rocoso,0.0,262.54,15.4,trigo
6.67,8.22,rocoso,9.0,291.28,8.1,naranjas
6.32,96.79,rocoso,26.0,53.15,7.2,lentejas
6.39,29.54,rocoso,19.0,216.62,4.5,arroz
6.2,76.92,arenoso,0.0,12.09,15.3,maiz
5.85,62.47,arcilloso,32.0,121.63,2.3,lentejas
6.14,38.19,limoso,31.0,154.88,9.3,soja
6.6,20.57,rocoso,22.0,174.19,4.5,trigo
5.8,12.14,arcilloso,3.0,280.78,4.5,maiz
6.13,61.5,arcilloso,31.0,201.68,6.5,naranjas
6.2,77.46,arenoso,23.0,144.38,16.0,trigo
6.34,64.39,arcilloso,31.0,242.9,0.9,arroz
6.72,53.03,arenoso,30.0,285.16,9.3,trigo
6.15,4.2,rocoso,32.0,6.62,1.3,trigo
6.15,96.85,rocoso,21.0,294.76,2.5,arroz
6.54,79.87,limoso,6.0,25.84,7.0,uva
6.25,29.28,limoso,27.0,244.32,8.2,arroz
6.02,98.0,limoso,25.0,84.1,4.1,lentejas
6.25,60.19,arcilloso,30.0,39.65,5.1,trigo
5.94,58.24,rocoso,7.0,131.96,1.4,zanahoria
5.98,74.81,arenoso,8.0,193.19,4.9,arroz
6.3,81.18,limoso,36.0,114.29,15.5,uva
6.22,65.65,arenoso,30.0,16.37,15.1,lentejas
6.71,12.81,arenoso,36.0,179.84,5.4,zanahoria
6.16,33.83,limoso,30.0,270.72,9.1,zanahoria
6.38,92.81,rocoso,24.0,114.96,14.6,maiz
6.43,22.46,limoso,26.0,64.9,0.1,arroz
5.81,37.22,arenoso,36.0,132.77,13.0,arroz
6.46,43.21,limoso,23.0,14.51,15.2,trigo
5.98,43.94,arenoso,25.0,246.15,1.5,lentejas
6.76,61.29,arenoso,6.0,247.9,2.6,maiz
5.95,94.31,limoso,19.0,176.4,15.4,soja
6.21,24.07,arcilloso,29.0,105.93,8.6,soja
5.89,12.15,limoso,11.0,239.94,0.2,naranjas
6.8,19.75,arcilloso,8.0,166.41,4.1,arroz
6.3,88.69,arenoso,13.0,247.78,7.2,arroz
6.4,64.58,arenoso,10.0,189.44,11.1,maiz
5.87,28.59,arcilloso,9.0,235.32,11.7,uva
6.55,81.59,arenoso,17.0,179.57,15.9,soja
6.01,86.14,arcilloso,36.0,124.24,4.6,naranjas
6.7,84.65,arcilloso,20.0,287.38,8.6,maiz
6.01,91.89,arenoso,8.0,162.33,8.5,arroz
5.99,25.22,rocoso,3.0,181.53,6.5,soja
5.84,75.5,arcilloso,28.0,66.15,2.7,lentejas
6.27,46.05,limoso,15.0,187.7,15.6,naranjas
6.36,84.2,limoso,33.0,171.48,13.7,trigo
5.87,72.85,arenoso,26.0,55.45,8.0,soja
6.58,77.64,rocoso,32.0,17.88,9.7,naranjas
6.25,65.62,arenoso,11.0,181.31,3.6,maiz
6.32,17.74,rocoso,28.0,229.11,8.7,trigo
6.24,54.5,arcilloso,11.0,157.02,11.1,naranjas
6.2,98.47,arcilloso,38.0,68.03,8.2,naranjas
6.36,93.74,arcilloso,25.0,199.96,15.8,zanahoria
5.96,4.32,arcilloso,13.0,24.03,9.8,zanahoria
5.98,16.48,limoso,11.0,132.55,5.9,zanahoria
6.66,13.17,limoso,8.0,49.01,12.4,arroz
6.75,72.6,arenoso,28.0,55.34,2.7,uva
6.17,81.78,rocoso,9.0,60.69,6.2,soja
6.07,21.35,arcilloso,24.0,116.01,5.6,arroz
6.44,50.59,arcilloso,11.0,15.35,6.9,lentejas
6.21,84.07,rocoso,26.0,119.34,12.5,trigo
5.83,73.28,rocoso,33.0,153.51,7.7,uva
5.96,54.22,arenoso,31.0,144.99,12.7,naranjas
6.52,59.03,rocoso,30.0,114.84,9.2,arroz
6.46,50.84,arcilloso,8.0,251.74,5.5,zanahoria
5.83,29.75,arcilloso,4.0,43.6,13.0,uva
6.02,56.5,arcilloso,28.0,151.71,3.8,lentejas
6.03,68.89,arcilloso,15.0,18.61,3.6,soja
6.47,87.33,arcilloso,17.0,21.35,8.1,lentejas
5.82,63.63,arenoso,1.0,172.16,4.2,trigo
5.9,76.11,arcilloso,10.0,169.81,0.1,maiz
6.6,16.01,arenoso,1.0,263.41,10.4,arroz
5.98,46.16,arcilloso,35.0,167.36,8.2,zanahoria
6.45,0.93,limoso,10.0,287.94,7.1,trigo
6.04,24.67,limoso,22.0,14.61,15.5,maiz
5.9,72.65,limoso,2.0,29.4,9.1,zanahoria
6.04,99.18,limoso,27.0,13.22,13.8,zanahoria
6.52,9.92,arenoso,13.0,55.58,2.2,zanahoria
6.66,40.15,arenoso,36.0,162.38,9.1,arroz
6.63,80.01,rocoso,36.0,193.67,13.9,trigo
6.2,20.4,arcilloso,13.0,13.68,9.3,zanahoria
6.47,55.51,limoso,36.0,283.79,11.5,lentejas
6.0,73.31,arenoso,40.0,252.65,6.0,trigo
6.09,61.6,arcilloso,33.0,88.98,1.5,uva
6.7,18.8,arcilloso,34.0,23.16,7.3,lentejas
5.81,35.54,arenoso,10.0,50.97,6.3,arroz
5.89,78.38,limoso,23.0,38.08,13.9,zanahoria
6.01,55.42,rocoso,3.0,36.99,3.9,trigo
5.83,0.52,arcilloso,4.0,155.57,15.5,naranjas
5.98,76.1,rocoso,40.0,73.75,15.3,arroz
6.38,3.53,limoso,13.0,107.44,4.0,trigo
6.22,74.57,limoso,30.0,296.85,5.6,uva
6.69,20.25,rocoso,32.0,205.29,14.3,zanahoria
6.62,95.81,limoso,34.0,284.69,15.5,maiz
6.14,36.79,arcilloso,40.0,42.77,7.1,zanahoria
6.06,32.69,rocoso,10.0,114.64,5.1,maiz
6.18,14.89,limoso,2.0,166.42,8.4,naranjas
6.39,30.56,rocoso,16.0,23.03,11.0,arroz
6.07,87.67,arcilloso,5.0,1.26,4.4,uva
6.42,99.63,limoso,1.0,201.13,11.8,trigo
6.21,36.83,arcilloso,14.0,192.55,0.8,trigo
6.35,44.86,limoso,31.0,123.24,0.8,maiz
6.24,72.21,arenoso,23.0,146.89,6.2,uva
6.09,88.62,limoso,13.0,124.63,5.7,lentejas
6.75,59.3,rocoso,26.0,7.2,5.1,naranjas
6.56,39.15,limoso,9.0,100.61,7.9,maiz
5.94,41.26,arcilloso,1.0,53.12,5.1,maiz
6.67,69.56,arcilloso,31.0,29.53,3.1,naranjas
6.29,0.32,limoso,25.0,287.02,5.0,arroz
6.69,61.96,rocoso,30.0,179.81,15.6,trigo
6.6,35.55,arenoso,2.0,218.6,6.6,arroz
6.23,79.42,rocoso,33.0,94.61,7.1,uva
5.82,9.3,arenoso,25.0,117.94,9.2,lentejas
6.07,58.82,arcilloso,23.0,71.08,15.7,zanahoria
6.34,48.1,rocoso,25.0,29.09,3.9,soja
6.43,64.23,arenoso,35.0,53.71,10.9,soja
6.06,6.49,limoso,23.0,239.25,11.5,soja
5.94,58.0,arcilloso,23.0,203.26,9.7,naranjas
6.63,56.15,limoso,40.0,164.08,1.4,maiz
6.78,56.07,arcilloso,30.0,142.53,10.8,lentejas
6.33,60.35,rocoso,18.0,276.73,1.0,arroz
5.97,67.65,rocoso,28.0,21.82,9.5,zanahoria
6.07,80.5,arcilloso,16.0,84.18,11.8,trigo
5.82,26.98,arcilloso,9.0,104.98,3.4,soja
6.71,82.5,arcilloso,24.0,234.73,13.5,arroz
5.92,49.83,rocoso,37.0,297.75,0.5,soja
6.38,7.71,arenoso,37.0,72.2,13.5,lentejas
6.07,5.86,limoso,14.0,262.29,7.4,soja
6.35,33.42,limoso,21.0,249.19,3.5,trigo
6.45,78.49,rocoso,8.0,67.4,2.1,zanahoria
6.63,70.77,limoso,40.0,119.8,15.3,uva
6.01,78.86,arcilloso,39.0,122.9,1.2,uva
5.81,51.73,arenoso,26.0,293.47,3.2,lentejas
5.94,44.02,limoso,32.0,54.27,5.6,uva
6.7,14.75,arenoso,29.0,239.75,9.9,naranjas
6.67,32.82,arcilloso,24.0,100.26,8.7,maiz
6.4,43.4,limoso,2.0,219.26,2.0,naranjas
6.4,8.86,rocoso,18.0,126.0,4.6,arroz
6.47,22.06,arenoso,27.0,173.51,3.8,naranjas
5.98,59.82,arcilloso,27.0,249.78,3.4,arroz
6.71,73.57,arenoso,15.0,241.25,6.6,arroz
6.22,99.83,limoso,38.0,259.93,11.3,maiz
6.18,93.31,limoso,7.0,17.89,3.5,trigo
6.32,64.26,rocoso,20.0,207.62,5.9,zanahoria
5.85,42.12,arcilloso,28.0,42.0,6.3,lentejas
5.97,63.62,arcilloso,28.0,124.75,15.6,maiz
6.54,78.57,rocoso,26.0,164.58,15.3,lentejas
5.88,11.83,rocoso,11.0,120.82,12.8,uva
6.4,40.99,arcilloso,6.0,155.88,3.9,uva
6.05,83.98,arenoso,25.0,298.96,1.1,naranjas
6.19,38.38,arenoso,24.0,40.57,5.1,arroz
6.09,57.19,rocoso,7.0,202.64,4.3,soja
6.16,58.78,arenoso,28.0,118.8,8.1,soja
6.52,18.45,arcilloso,18.0,39.9,12.4,lentejas
6.1,36.22,limoso,27.0,47.62,13.7,arroz
6.37,33.45,limoso,33.0,284.78,13.5,lentejas
6.28,2.62,arenoso,7.0,263.88,5.8,maiz
6.46,2.42,rocoso,1.0,272.11,11.0,trigo
6.74,83.17,rocoso,31.0,297.46,5.0,zanahoria
6.53,27.31,rocoso,24.0,62.49,1.0,maiz
6.01,51.81,rocoso,28.0,106.63,11.2,arroz
5.83,29.87,rocoso,34.0,200.77,0.2,arroz
6.06,94.07,arenoso,32.0,145.14,6.5,trigo
6.4,25.93,limoso,38.0,125.52,5.3,lentejas
5.85,42.97,limoso,21.0,107.34,11.1,naranjas
6.3,87.27,arenoso,20.0,178.13,12.3,naranjas
6.4,84.19,rocoso,16.0,172.68,4.9,trigo
6.13,18.61,arenoso,6.0,48.44,13.0,naranjas
6.57,80.26,limoso,23.0,141.52,4.7,soja
5.91,45.82,arcilloso,11.0,166.04,7.1,naranjas
5.88,48.3,arenoso,37.0,171.09,11.6,naranjas
6.53,13.35,rocoso,23.0,63.03,11.1,naranjas
6.3,8.06,limoso,24.0,222.68,15.8,soja
6.49,72.79,limoso,14.0,7.56,3.6,lentejas
6.23,49.65,limoso,2.0,106.45,10.6,naranjas
6.05,43.69,limoso,1.0,234.06,9.8,uva
6.62,72.95,rocoso,17.0,169.17,14.6,soja
6.6,76.55,arcilloso,3.0,78.35,2.5,trigo
6.49,15.89,limoso,24.0,208.49,12.0,maiz
6.07,61.02,arenoso,35.0,170.22,9.1,trigo
6.39,13.54,arcilloso,35.0,238.87,4.4,maiz
6.16,75.14,limoso,26.0,220.51,7.6,zanahoria
5.89,65.7,arcilloso,8.0,183.03,5.3,trigo
6.72,95.66,arenoso,35.0,146.45,9.3,uva
5.94,6.9,limoso,35.0,39.95,14.2,maiz
6.75,5.71,arenoso,8.0,78.4,9.1,maiz
6.25,28.22,rocoso,29.0,125.73,10.1,arroz
