tipo_de_cultivo,ph,tipo_de_suelo,humedad,temperatura,precipitacion,horas_de_sol,temporada
lentejas,6.8,limoso,55.59,19.0,111.21,6.4,invierno
naranjas,6.02,limoso,50.41,30.0,183.24,8.8,primavera
naranjas,6.03,limoso,50.14,20.0,152.48,9.6,primavera
soja,6.49,limoso,65.7,22.0,131.14,10.4,primavera
arroz,6.18,arcilloso,80.27,34.0,256.33,9.5,verano
trigo,7.02,arcilloso,42.44,17.0,112.75,9.6,otoño
zanahoria,6.6,arenoso,64.16,21.0,82.19,9.4,invierno
trigo,7.21,arcilloso,58.44,13.0,125.68,6.2,otoño
zanahoria,6.6,arenoso,71.74,25.0,122.49,7.1,otoño
naranjas,5.65,arcilloso,65.44,22.0,100.55,11.3,verano
arroz,6.29,arcilloso,98.53,30.0,291.5,11.4,verano
maiz,6.05,arcilloso,56.5,29.0,183.76,11.5,verano
naranjas,6.28,limoso,64.43,22.0,125.61,8.2,verano
trigo,6.42,arcilloso,40.63,18.0,135.15,8.0,invierno
lentejas,6.6,limoso,44.06,22.0,121.92,8.8,invierno
trigo,7.13,limoso,57.43,20.0,124.93,9.6,otoño
trigo,6.51,arcilloso,58.14,15.0,161.82,6.0,otoño
arroz,5.51,arcilloso,88.35,23.0,211.99,9.4,primavera
uva,6.22,rocoso,48.08,16.0,97.77,9.0,verano
arroz,5.8,arcilloso,80.74,29.0,250.27,8.2,verano
maiz,6.51,limoso,60.62,26.0,175.29,10.4,primavera
zanahoria,6.19,limoso,67.36,21.0,124.35,8.1,otoño
maiz,6.12,arcilloso,63.92,31.0,152.6,8.9,verano
lentejas,6.23,limoso,43.49,20.0,107.07,9.7,otoño
soja,6.79,limoso,60.83,26.0,108.28,8.7,verano
soja,6.62,limoso,51.86,27.0,162.03,10.5,primavera
arroz,6.2,limoso,97.13,26.0,288.78,11.4,primavera
soja,6.92,arcilloso,50.18,21.0,143.08,8.0,primavera
trigo,6.84,arcilloso,59.89,14.0,111.45,8.0,otoño
zanahoria,6.52,limoso,73.15,21.0,86.56,7.5,otoño
uva,6.59,limoso,49.73,29.0,110.41,9.4,verano
lentejas,6.49,limoso,54.45,16.0,81.7,8.6,otoño
soja,6.58,limoso,67.67,26.0,166.25,9.3,primavera
lentejas,6.96,arcilloso,45.89,17.0,139.58,7.3,otoño
maiz,6.32,limoso,68.6,23.0,140.89,10.7,primavera
lentejas,6.52,arcilloso,54.82,20.0,129.17,7.4,otoño
lentejas,6.42,limoso,52.23,14.0,80.36,8.5,otoño
zanahoria,6.56,limoso,77.8,18.0,106.29,6.4,invierno
uva,6.33,arenoso,59.64,28.0,140.23,9.0,primavera
lentejas,6.36,limoso,50.44,21.0,95.11,8.5,otoño
naranjas,5.74,arenoso,63.99,21.0,113.27,11.9,verano
arroz,6.3,arcilloso,88.78,21.0,202.54,11.9,primavera
maiz,6.55,arcilloso,68.3,26.0,143.98,8.4,primavera
naranjas,5.8,arcilloso,64.76,26.0,161.17,9.7,primavera
zanahoria,6.13,arenoso,66.84,16.0,86.59,7.2,primavera
naranjas,5.93,arenoso,59.83,25.0,117.32,9.7,primavera
trigo,7.25,limoso,45.22,12.0,184.67,8.0,otoño
naranjas,5.71,arenoso,62.85,20.0,158.58,11.8,verano
trigo,6.92,arcilloso,56.22,20.0,160.08,9.3,otoño
arroz,5.7,arcilloso,82.02,20.0,209.44,10.7,verano
zanahoria,6.31,limoso,66.81,18.0,114.72,8.8,otoño
arroz,6.38,arcilloso,96.07,24.0,217.74,11.0,primavera
maiz,6.59,arcilloso,55.0,28.0,206.71,10.2,primavera
lentejas,6.75,arcilloso,42.06,22.0,115.37,9.3,invierno
arroz,5.6,arcilloso,99.17,33.0,235.49,11.8,primavera
soja,6.66,arcilloso,58.97,22.0,116.29,10.7,verano
lentejas,6.78,limoso,58.62,23.0,149.72,6.2,invierno
naranjas,5.85,arenoso,52.86,28.0,161.82,8.4,primavera
naranjas,5.76,arenoso,67.84,21.0,151.33,8.9,verano
naranjas,5.86,limoso,68.94,30.0,175.34,9.5,primavera
naranjas,5.86,limoso,54.97,23.0,143.45,9.0,primavera
uva,6.06,arenoso,42.35,25.0,132.22,10.3,verano
lentejas,6.48,limoso,50.57,17.0,136.15,9.9,invierno
lentejas,6.89,limoso,59.86,14.0,118.77,9.9,invierno
maiz,6.17,arcilloso,69.92,29.0,158.42,10.9,verano
trigo,7.26,limoso,49.11,18.0,132.19,6.8,otoño
trigo,6.61,arcilloso,47.21,15.0,146.26,6.1,otoño
naranjas,6.17,limoso,53.25,29.0,182.25,11.8,verano
lentejas,6.92,limoso,57.53,19.0,91.54,7.6,invierno
trigo,7.29,arcilloso,51.88,16.0,187.59,9.4,otoño
trigo,6.43,arcilloso,40.27,13.0,165.34,8.1,otoño
arroz,6.06,arcilloso,98.9,33.0,224.73,9.8,verano
arroz,5.77,arcilloso,97.56,31.0,204.69,9.1,verano
trigo,6.87,limoso,50.4,21.0,154.15,8.2,otoño
maiz,6.47,arcilloso,58.41,30.0,183.94,11.2,verano
zanahoria,6.01,arenoso,71.8,19.0,110.62,9.6,otoño
uva,6.45,limoso,45.96,23.0,128.83,11.2,verano
maiz,6.39,arcilloso,59.18,32.0,169.26,9.3,verano
zanahoria,6.27,arenoso,69.2,21.0,108.02,8.8,otoño
soja,6.48,arcilloso,59.48,25.0,103.79,8.8,primavera
naranjas,5.84,arenoso,50.64,25.0,153.44,9.4,verano
maiz,6.4,limoso,50.79,30.0,182.79,8.3,verano
lentejas,6.38,limoso,57.37,14.0,121.81,9.9,invierno
zanahoria,6.39,limoso,67.38,20.0,132.32,6.1,otoño
lentejas,6.69,arcilloso,54.99,13.0,140.71,7.4,invierno
zanahoria,6.22,arenoso,60.4,18.0,94.8,7.3,otoño
maiz,6.27,arcilloso,57.1,28.0,167.96,10.3,verano
lentejas,6.75,limoso,42.55,16.0,105.42,8.6,invierno
zanahoria,6.4,arenoso,78.67,15.0,95.77,7.5,invierno
uva,6.19,arenoso,43.47,28.0,85.62,10.1,verano
soja,7.0,arcilloso,61.52,27.0,90.42,11.9,primavera
uva,6.67,limoso,51.14,24.0,99.6,11.1,primavera
uva,6.71,arenoso,54.72,23.0,129.51,11.1,primavera
uva,6.15,arenoso,50.65,16.0,103.56,8.5,primavera
soja,6.36,arcilloso,51.76,21.0,90.22,8.5,primavera
uva,6.41,arenoso,58.59,27.0,147.55,8.5,verano
maiz,6.16,arcilloso,68.53,29.0,124.81,11.1,verano
naranjas,5.74,arenoso,53.29,28.0,166.52,10.1,primavera
naranjas,6.01,limoso,59.04,27.0,189.97,10.5,verano
lentejas,6.5,limoso,57.99,17.0,118.05,9.6,invierno
arroz,5.93,arcilloso,94.61,30.0,216.67,11.5,verano
uva,6.89,rocoso,43.03,20.0,97.39,11.0,primavera
uva,6.71,arenoso,55.09,17.0,117.55,9.5,verano
soja,6.52,arcilloso,53.0,22.0,147.78,10.9,primavera
arroz,6.07,arcilloso,91.98,32.0,295.91,9.4,verano
lentejas,6.46,arenoso,43.07,19.0,115.41,8.4,otoño
soja,6.67,limoso,68.38,26.0,91.84,10.6,verano
lentejas,6.61,limoso,54.73,22.0,144.79,7.8,otoño
naranjas,5.72,arenoso,66.75,23.0,131.14,8.9,verano
lentejas,6.05,limoso,56.06,13.0,103.34,7.6,invierno
arroz,6.42,arcilloso,89.62,34.0,258.71,8.1,primavera
uva,6.18,arenoso,48.38,29.0,105.37,10.3,verano
soja,6.37,limoso,69.51,24.0,134.58,11.4,primavera
zanahoria,6.4,arenoso,61.34,22.0,94.69,9.6,otoño
naranjas,6.04,arenoso,66.73,26.0,129.4,10.9,verano
uva,6.44,arenoso,51.19,17.0,92.73,11.4,verano
zanahoria,6.22,limoso,70.53,23.0,148.53,9.4,primavera
zanahoria,6.02,arenoso,64.62,22.0,81.38,6.4,primavera
arroz,6.39,arcilloso,94.42,32.0,298.87,10.4,primavera
zanahoria,6.32,limoso,64.1,18.0,142.74,6.1,otoño
lentejas,6.85,limoso,57.53,19.0,129.28,9.6,invierno
arroz,5.76,arcilloso,91.81,24.0,262.41,9.6,verano
trigo,7.17,arcilloso,59.49,20.0,119.14,8.3,invierno
lentejas,6.8,limoso,40.45,16.0,117.91,8.5,otoño
uva,6.65,arenoso,42.65,29.0,128.39,10.7,verano
zanahoria,6.09,arenoso,65.48,21.0,125.6,9.3,otoño
trigo,6.53,arcilloso,45.33,19.0,130.06,8.5,otoño
trigo,7.22,arcilloso,47.66,17.0,113.76,6.7,otoño
arroz,5.59,arcilloso,81.36,33.0,243.72,11.7,primavera
zanahoria,6.45,arenoso,73.27,24.0,131.28,6.9,otoño
soja,6.33,arcilloso,66.93,28.0,102.37,10.5,primavera
maiz,6.06,limoso,59.91,29.0,163.48,9.0,verano
naranjas,5.6,arcilloso,50.11,21.0,131.46,11.2,verano
maiz,6.76,arcilloso,53.7,27.0,207.29,10.9,verano
lentejas,6.72,limoso,59.61,22.0,125.27,8.8,otoño
trigo,6.44,limoso,58.5,14.0,155.44,9.7,otoño
naranjas,6.11,arenoso,52.31,24.0,179.53,11.0,primavera
arroz,5.82,limoso,80.74,29.0,223.0,8.5,verano
naranjas,5.97,arenoso,58.09,26.0,180.4,10.2,verano
naranjas,6.04,limoso,62.32,22.0,102.44,11.5,primavera
lentejas,6.19,limoso,58.65,14.0,80.66,6.2,otoño
uva,6.48,rocoso,57.47,30.0,133.78,9.7,verano
naranjas,6.11,arenoso,59.35,23.0,185.28,10.9,verano
zanahoria,6.01,arcilloso,68.56,19.0,127.58,6.9,primavera
naranjas,5.78,limoso,69.65,29.0,160.08,11.6,verano
lentejas,6.99,limoso,58.85,19.0,122.54,8.1,otoño
trigo,6.75,arcilloso,59.15,20.0,174.06,8.5,otoño
maiz,6.74,arenoso,53.48,26.0,195.82,10.8,primavera
zanahoria,6.37,limoso,74.96,15.0,142.64,9.4,invierno
zanahoria,6.21,arenoso,77.77,25.0,140.35,9.2,invierno
naranjas,6.11,arenoso,55.05,20.0,169.57,8.2,verano
naranjas,5.75,limoso,51.52,29.0,149.51,9.9,verano
trigo,6.91,limoso,50.88,21.0,168.71,8.1,otoño
soja,6.88,arcilloso,64.17,27.0,145.8,10.7,primavera
uva,6.19,limoso,59.23,22.0,141.54,8.0,verano
naranjas,6.12,arenoso,66.36,28.0,150.75,8.0,primavera
uva,6.33,rocoso,42.32,21.0,80.64,11.3,primavera
arroz,6.26,arcilloso,99.26,25.0,263.26,11.7,verano
soja,6.34,arcilloso,68.95,21.0,151.68,10.8,primavera
uva,6.62,arenoso,57.43,30.0,147.82,11.0,primavera
naranjas,5.87,arenoso,66.43,24.0,181.88,9.0,primavera
trigo,6.65,arenoso,48.52,17.0,123.09,9.2,otoño
soja,6.87,arcilloso,54.6,21.0,159.44,11.9,primavera
naranjas,6.26,arenoso,62.77,24.0,127.42,11.9,primavera
soja,6.78,arcilloso,54.01,27.0,147.19,10.3,primavera
arroz,6.47,arcilloso,97.37,32.0,277.09,11.4,primavera
arroz,6.3,arcilloso,98.24,35.0,218.55,9.8,verano
lentejas,6.13,limoso,48.61,15.0,114.41,6.3,invierno
naranjas,6.01,arenoso,69.69,21.0,146.46,10.7,primavera
lentejas,6.6,limoso,53.9,22.0,134.59,6.2,invierno
zanahoria,6.12,arenoso,71.42,15.0,113.76,6.8,otoño
zanahoria,6.01,arenoso,70.35,16.0,104.54,6.1,otoño
uva,6.32,limoso,44.02,25.0,137.5,8.2,verano
zanahoria,6.51,limoso,60.63,24.0,83.64,8.2,primavera
zanahoria,6.76,limoso,75.67,21.0,113.91,8.6,invierno
uva,6.82,arenoso,52.87,23.0,131.21,8.3,primavera
lentejas,6.65,limoso,52.31,16.0,112.91,9.0,invierno
naranjas,6.06,arenoso,61.11,27.0,122.85,12.0,verano
arroz,5.58,arcilloso,84.41,26.0,220.36,11.4,verano
naranjas,6.11,limoso,58.51,23.0,137.1,12.0,primavera
maiz,6.41,arcilloso,50.59,26.0,180.62,10.4,verano
lentejas,6.28,limoso,58.25,15.0,123.61,8.5,invierno
arroz,6.28,arcilloso,92.04,29.0,237.28,10.1,verano
uva,6.49,arenoso,57.41,22.0,116.04,9.4,verano
uva,6.65,arenoso,47.98,28.0,80.63,10.4,verano
soja,6.98,limoso,54.72,21.0,103.58,10.1,primavera
uva,6.15,arenoso,51.76,29.0,97.68,9.4,primavera
arroz,6.24,arcilloso,89.49,33.0,280.57,10.3,primavera
soja,6.63,limoso,69.73,21.0,108.49,8.2,primavera
arroz,5.95,limoso,86.32,28.0,204.16,8.6,primavera
zanahoria,6.55,arenoso,66.46,25.0,120.61,7.0,invierno
lentejas,6.67,limoso,40.6,16.0,129.33,6.8,invierno
trigo,6.57,limoso,43.12,14.0,187.07,7.0,otoño
lentejas,6.94,limoso,49.94,19.0,140.82,8.3,otoño
zanahoria,6.64,arcilloso,72.01,24.0,137.88,8.7,invierno
uva,6.66,limoso,40.96,30.0,108.48,11.5,verano
naranjas,5.8,arenoso,63.01,28.0,192.57,9.8,verano
naranjas,6.16,arenoso,66.36,21.0,154.45,8.0,primavera
soja,6.69,limoso,57.61,24.0,137.72,10.2,primavera
uva,6.07,rocoso,53.36,24.0,112.44,9.5,verano
zanahoria,6.68,arcilloso,76.28,16.0,90.43,8.1,otoño
soja,6.69,arcilloso,66.26,26.0,166.44,8.1,primavera
lentejas,6.9,limoso,59.09,20.0,106.61,6.8,invierno
arroz,5.6,arcilloso,85.14,24.0,230.73,11.2,verano
zanahoria,6.07,limoso,68.0,25.0,137.62,8.1,otoño
soja,6.35,limoso,64.18,21.0,135.38,9.0,verano
soja,6.27,arcilloso,57.47,24.0,98.98,8.0,primavera
naranjas,6.22,arenoso,54.24,26.0,141.1,11.4,verano
zanahoria,6.45,arenoso,66.04,22.0,139.58,8.7,primavera
arroz,6.12,arcilloso,91.73,23.0,273.69,11.5,verano
maiz,6.14,arcilloso,54.6,24.0,183.8,9.0,verano
maiz,6.4,arenoso,52.73,29.0,160.43,9.7,verano
maiz,6.01,arcilloso,66.37,28.0,153.72,11.6,verano
soja,6.27,arcilloso,53.84,23.0,108.13,9.4,primavera
maiz,6.67,limoso,51.4,28.0,147.11,10.4,verano
soja,6.46,limoso,63.39,28.0,142.95,10.2,verano
uva,6.33,rocoso,41.78,29.0,124.45,11.0,primavera
trigo,6.49,arcilloso,55.12,15.0,163.19,9.2,invierno
naranjas,5.68,arcilloso,50.4,27.0,176.86,9.0,verano
soja,6.7,limoso,65.11,21.0,156.09,11.1,verano
uva,6.12,arenoso,46.83,21.0,104.24,9.0,verano
arroz,5.9,arcilloso,92.01,28.0,291.94,10.0,primavera
naranjas,5.87,limoso,57.94,25.0,162.8,10.7,verano
uva,6.81,rocoso,46.09,16.0,108.21,8.7,verano
trigo,7.26,arcilloso,58.65,18.0,148.35,7.3,otoño
maiz,6.49,limoso,53.5,27.0,159.87,8.6,primavera
zanahoria,6.38,arenoso,64.65,16.0,134.37,6.5,invierno
lentejas,6.51,limoso,42.11,19.0,95.12,8.5,invierno
arroz,5.89,arcilloso,83.84,23.0,248.46,11.0,primavera
lentejas,6.98,limoso,42.84,14.0,101.23,6.4,invierno
soja,6.69,arcilloso,54.58,22.0,107.66,8.7,primavera
uva,6.43,arenoso,57.73,22.0,93.62,9.5,verano
uva,6.18,arenoso,59.28,19.0,89.37,9.7,verano
naranjas,6.13,arenoso,60.71,22.0,101.21,9.0,verano
trigo,6.46,arcilloso,47.43,15.0,161.69,8.0,otoño
naranjas,5.94,arenoso,56.49,27.0,147.6,9.5,primavera
uva,6.39,limoso,42.66,17.0,126.11,11.8,verano
zanahoria,6.2,limoso,60.77,24.0,112.3,8.5,invierno
arroz,5.95,arcilloso,97.79,27.0,288.25,8.4,primavera
lentejas,6.68,limoso,41.7,20.0,85.05,6.3,otoño
naranjas,5.96,arenoso,59.24,30.0,197.07,11.8,verano
arroz,5.67,arcilloso,93.21,31.0,226.5,8.1,verano
soja,6.92,arcilloso,54.56,28.0,143.39,8.0,primavera
soja,6.82,arcilloso,60.61,20.0,167.48,11.2,primavera
zanahoria,6.09,arenoso,78.41,20.0,123.15,6.6,otoño
maiz,6.74,arcilloso,57.44,26.0,163.94,10.5,verano
uva,6.93,rocoso,49.92,15.0,149.47,10.7,primavera
lentejas,6.85,arenoso,45.04,21.0,112.24,9.4,invierno
lentejas,6.18,limoso,46.4,21.0,98.85,8.2,invierno
trigo,6.52,limoso,56.36,14.0,150.47,9.4,otoño
arroz,6.26,arcilloso,92.24,22.0,215.16,8.4,verano
maiz,6.61,arcilloso,59.23,22.0,144.67,10.9,verano
zanahoria,6.16,limoso,73.15,18.0,131.96,9.3,invierno
trigo,6.72,limoso,51.08,12.0,170.88,6.1,otoño
uva,6.75,rocoso,53.57,26.0,138.94,9.9,verano
trigo,6.73,arcilloso,54.44,21.0,157.44,7.6,otoño
zanahoria,6.14,arenoso,63.34,17.0,107.14,7.6,primavera
naranjas,6.05,arenoso,61.6,26.0,156.07,10.4,verano
trigo,6.94,arcilloso,46.44,18.0,121.92,8.8,otoño
trigo,7.04,limoso,50.35,16.0,121.8,7.3,otoño
trigo,6.73,arcilloso,56.03,20.0,168.69,7.2,otoño
uva,6.64,rocoso,42.37,21.0,138.79,9.5,verano
zanahoria,6.16,arenoso,79.59,17.0,129.02,8.3,invierno
uva,6.52,arenoso,58.81,19.0,110.08,11.5,verano
naranjas,5.94,arenoso,68.75,27.0,163.12,8.2,verano
arroz,5.94,arcilloso,95.31,22.0,261.02,8.5,primavera
zanahoria,6.38,arenoso,65.65,15.0,82.54,7.1,otoño
uva,6.25,arenoso,55.19,22.0,134.37,8.3,verano
zanahoria,6.04,limoso,71.24,18.0,102.06,9.1,otoño
lentejas,6.02,limoso,59.27,19.0,145.58,6.2,invierno
zanahoria,6.5,arenoso,79.59,16.0,130.76,6.8,otoño
arroz,6.47,arcilloso,86.99,22.0,215.12,8.9,verano
lentejas,6.68,limoso,59.61,15.0,108.28,8.2,invierno
maiz,6.43,arcilloso,59.17,27.0,136.58,11.8,verano
trigo,6.49,limoso,49.2,19.0,133.25,9.1,otoño
arroz,5.96,arcilloso,95.73,23.0,225.86,8.7,verano
uva,6.75,arenoso,42.53,25.0,91.31,9.0,verano
zanahoria,6.79,limoso,60.54,16.0,112.48,9.6,invierno
soja,6.84,limoso,59.03,23.0,97.47,9.8,primavera
soja,6.62,limoso,65.86,25.0,140.77,11.2,primavera
zanahoria,6.72,arenoso,68.95,21.0,91.62,8.5,otoño
arroz,5.78,limoso,82.81,23.0,218.42,11.6,primavera
arroz,5.81,arcilloso,99.36,33.0,211.76,11.0,verano
maiz,6.33,arenoso,63.36,28.0,136.6,11.5,verano
lentejas,6.13,limoso,41.86,13.0,137.61,6.8,invierno
arroz,5.69,limoso,96.38,28.0,271.02,9.3,verano
lentejas,6.65,limoso,45.09,21.0,141.59,8.1,otoño
soja,6.86,limoso,54.8,21.0,117.84,9.8,verano
maiz,6.35,arcilloso,64.76,30.0,204.37,9.0,primavera
naranjas,6.07,arenoso,63.73,21.0,117.49,11.4,primavera
zanahoria,6.06,arenoso,66.81,24.0,95.09,7.4,otoño
maiz,6.24,limoso,68.77,31.0,196.61,11.2,verano
trigo,6.99,limoso,40.0,14.0,141.18,7.5,otoño
naranjas,5.98,arenoso,69.54,21.0,142.25,8.2,verano
trigo,7.27,arcilloso,54.15,22.0,176.08,8.8,otoño
naranjas,6.27,limoso,56.1,28.0,128.15,11.5,primavera
uva,6.12,arenoso,45.27,16.0,119.7,9.1,verano
naranjas,5.81,arenoso,64.86,20.0,190.29,11.4,verano
uva,6.34,limoso,52.52,23.0,138.67,9.1,verano
arroz,6.5,limoso,90.43,21.0,283.14,10.4,verano
naranjas,5.97,arenoso,67.37,21.0,195.58,8.1,verano
zanahoria,6.25,arenoso,75.48,21.0,142.48,7.8,invierno
arroz,5.95,arcilloso,92.79,30.0,213.17,8.9,primavera
arroz,6.15,limoso,92.01,31.0,250.63,10.5,verano
maiz,6.0,arcilloso,62.08,31.0,143.89,9.9,verano
naranjas,5.94,arenoso,62.22,23.0,120.7,10.1,primavera
uva,6.05,limoso,56.88,19.0,112.4,9.8,primavera
trigo,6.66,arenoso,47.94,13.0,159.37,6.5,otoño
lentejas,6.57,limoso,53.51,13.0,111.54,9.7,otoño
zanahoria,6.34,arenoso,78.15,22.0,122.55,7.2,primavera
lentejas,6.95,arcilloso,57.26,13.0,130.23,9.3,otoño
soja,6.75,limoso,57.68,24.0,119.52,8.5,primavera
soja,6.92,limoso,56.42,26.0,123.01,10.6,primavera
arroz,6.09,arcilloso,92.72,34.0,261.26,11.5,primavera
arroz,6.24,arcilloso,96.58,35.0,282.0,10.8,verano
arroz,5.99,arcilloso,80.87,22.0,255.86,9.4,primavera
maiz,6.05,arcilloso,67.04,26.0,127.76,10.2,verano
uva,6.45,rocoso,56.45,28.0,144.16,9.7,primavera
zanahoria,6.01,arenoso,60.55,19.0,116.81,8.0,otoño
lentejas,6.14,arcilloso,46.92,15.0,81.78,8.6,invierno
arroz,5.89,arcilloso,91.92,22.0,284.71,10.1,primavera
zanahoria,6.79,arenoso,73.77,16.0,113.99,6.1,invierno
arroz,5.64,arcilloso,84.18,34.0,241.42,9.6,verano
naranjas,5.92,arenoso,68.0,21.0,195.59,9.3,verano
soja,7.0,limoso,51.76,25.0,102.13,8.1,verano
uva,6.54,arenoso,51.07,23.0,133.33,11.3,verano
trigo,7.14,limoso,43.54,17.0,164.19,6.9,otoño
soja,6.48,limoso,52.78,24.0,140.1,10.0,primavera
maiz,6.59,arcilloso,56.52,30.0,166.14,10.9,primavera
naranjas,5.93,limoso,54.55,30.0,190.95,10.9,verano
soja,6.23,arcilloso,60.99,20.0,144.46,9.9,primavera
uva,6.15,arenoso,59.62,22.0,140.45,10.4,primavera
uva,6.52,rocoso,48.82,24.0,144.31,9.4,verano
naranjas,6.29,arenoso,66.55,28.0,157.35,11.8,primavera
maiz,6.05,arcilloso,62.8,25.0,144.04,9.2,primavera
naranjas,5.96,limoso,68.53,20.0,147.68,10.8,verano
uva,6.53,rocoso,52.89,27.0,103.34,10.9,verano
uva,6.01,limoso,53.54,27.0,100.62,8.1,verano
maiz,6.51,arcilloso,50.11,31.0,202.19,11.2,verano
arroz,6.11,arcilloso,89.75,21.0,240.75,9.6,verano
arroz,6.05,arcilloso,91.54,30.0,200.61,8.4,primavera
trigo,6.47,arcilloso,55.89,19.0,114.02,6.3,otoño
lentejas,6.21,arcilloso,48.03,16.0,90.66,7.1,otoño
lentejas,6.48,limoso,52.81,23.0,122.24,7.4,invierno
uva,6.19,rocoso,57.34,22.0,137.5,10.2,verano
trigo,6.62,limoso,56.45,20.0,154.2,8.1,otoño
lentejas,6.72,limoso,43.17,22.0,137.66,8.9,otoño
maiz,6.25,arcilloso,60.22,22.0,147.62,10.8,primavera
trigo,6.82,arcilloso,58.81,13.0,184.47,9.3,otoño
maiz,6.67,arcilloso,65.78,31.0,163.38,11.6,primavera
soja,6.74,limoso,50.85,25.0,164.41,11.4,primavera
lentejas,6.17,arcilloso,53.33,23.0,133.27,9.8,invierno
uva,6.27,arenoso,52.69,30.0,87.34,10.0,primavera
zanahoria,6.35,arenoso,64.18,19.0,105.89,6.2,primavera
trigo,6.9,arcilloso,54.39,16.0,179.58,8.9,otoño
soja,6.74,arcilloso,55.91,21.0,142.13,11.0,primavera
soja,6.24,arcilloso,59.36,25.0,96.83,8.2,primavera
maiz,6.09,arcilloso,55.35,30.0,121.47,9.5,primavera
uva,6.71,limoso,40.63,26.0,103.12,11.6,primavera
naranjas,5.92,arcilloso,60.38,27.0,131.19,11.1,verano
zanahoria,6.11,limoso,71.51,16.0,106.78,7.5,otoño
lentejas,6.02,limoso,55.46,18.0,104.37,7.5,otoño
arroz,6.16,arcilloso,97.59,30.0,254.7,11.3,primavera
zanahoria,6.37,arenoso,66.06,16.0,95.98,7.0,invierno
lentejas,6.06,limoso,51.64,23.0,96.74,8.1,invierno
arroz,6.46,arcilloso,87.31,23.0,219.58,8.6,primavera
trigo,6.68,arcilloso,59.63,17.0,182.51,6.7,otoño
maiz,6.28,arenoso,55.81,27.0,209.01,10.8,primavera
maiz,6.74,arcilloso,54.61,22.0,161.56,9.2,verano
zanahoria,6.4,limoso,61.52,18.0,136.49,7.8,invierno
naranjas,5.92,limoso,67.28,25.0,189.77,10.7,primavera
arroz,6.29,limoso,84.84,34.0,219.69,11.8,primavera
zanahoria,6.76,arenoso,64.38,20.0,144.36,6.7,otoño
trigo,7.28,arcilloso,55.85,21.0,185.5,9.8,otoño
trigo,7.27,arcilloso,57.08,20.0,134.8,6.9,otoño
maiz,6.13,arcilloso,65.43,27.0,121.21,8.0,primavera
zanahoria,6.44,limoso,60.92,23.0,92.45,8.1,primavera
uva,6.43,arenoso,49.62,25.0,88.3,9.2,primavera
arroz,6.45,arcilloso,90.25,27.0,263.54,8.4,verano
arroz,6.45,arcilloso,87.14,32.0,225.1,10.3,verano
soja,6.88,arenoso,67.55,28.0,92.2,11.4,verano
naranjas,5.63,arenoso,67.34,23.0,195.05,10.3,primavera
arroz,5.93,arcilloso,96.79,22.0,243.01,11.6,primavera
naranjas,5.89,limoso,59.53,25.0,120.47,10.4,primavera
arroz,6.09,arcilloso,92.72,25.0,229.52,11.5,verano
lentejas,6.81,arcilloso,46.64,20.0,133.98,8.6,otoño
maiz,6.37,arcilloso,55.8,31.0,159.18,10.2,verano
naranjas,5.89,limoso,51.09,30.0,122.61,9.2,primavera
arroz,6.38,arcilloso,83.82,25.0,273.17,10.6,verano
naranjas,5.9,arenoso,56.51,27.0,181.68,8.7,primavera
arroz,6.5,arcilloso,84.41,31.0,254.25,8.6,verano
lentejas,6.54,arcilloso,43.35,21.0,120.86,9.8,otoño
maiz,6.29,arenoso,62.64,23.0,176.01,11.1,verano
arroz,5.87,limoso,96.55,30.0,271.43,9.8,primavera
lentejas,6.13,arcilloso,46.89,13.0,83.63,6.6,otoño
soja,6.98,arcilloso,64.02,26.0,134.97,11.8,primavera
arroz,5.98,arcilloso,87.74,34.0,201.61,11.1,verano
uva,6.7,limoso,48.75,19.0,129.34,11.3,verano
maiz,6.43,arcilloso,56.18,27.0,131.85,11.8,verano
arroz,5.9,arcilloso,97.31,22.0,230.98,9.2,primavera
arroz,6.0,arcilloso,86.26,34.0,285.07,11.9,primavera
soja,6.74,limoso,60.98,22.0,114.54,9.4,primavera
maiz,6.34,limoso,62.11,24.0,155.59,8.3,primavera
uva,6.33,arenoso,47.48,29.0,124.92,10.7,verano
uva,6.78,rocoso,52.02,30.0,102.77,11.8,verano
zanahoria,6.05,arenoso,63.59,25.0,87.93,7.6,primavera
trigo,6.92,arcilloso,50.39,13.0,158.44,8.1,otoño
trigo,6.66,limoso,59.37,18.0,116.16,6.3,invierno
arroz,5.93,arcilloso,89.16,21.0,255.34,10.6,primavera
uva,6.25,rocoso,54.13,24.0,101.9,9.1,verano
naranjas,5.72,arenoso,58.98,26.0,121.31,11.8,primavera
zanahoria,6.47,limoso,73.6,19.0,81.08,8.3,otoño
soja,6.95,limoso,64.51,25.0,149.15,8.9,primavera
trigo,6.41,arcilloso,41.85,19.0,183.16,7.7,otoño
naranjas,5.96,arenoso,69.93,22.0,154.69,10.7,verano
naranjas,5.66,arenoso,67.55,27.0,101.37,9.0,primavera
naranjas,5.65,arcilloso,57.1,24.0,121.53,10.4,verano
uva,6.95,limoso,56.1,27.0,145.29,10.2,primavera
trigo,6.86,arcilloso,59.75,15.0,171.66,7.7,otoño
arroz,6.04,arcilloso,87.37,33.0,266.65,11.1,verano
naranjas,6.21,limoso,66.67,25.0,153.5,8.6,verano
trigo,7.14,arcilloso,48.88,12.0,134.08,8.0,otoño
uva,6.03,arenoso,45.62,26.0,80.8,9.6,verano
naranjas,5.71,arenoso,53.71,27.0,188.17,11.3,verano
arroz,6.31,arcilloso,98.49,27.0,255.34,9.0,primavera
trigo,7.15,limoso,46.16,21.0,186.23,7.3,otoño
trigo,6.64,arcilloso,46.37,21.0,116.21,9.3,otoño
maiz,6.69,limoso,66.76,31.0,194.84,9.8,verano
naranjas,5.92,arenoso,64.44,24.0,148.94,9.7,verano
naranjas,6.1,limoso,60.3,22.0,108.36,8.1,primavera
trigo,7.19,arcilloso,52.69,18.0,119.47,6.8,otoño
lentejas,6.06,limoso,44.68,15.0,147.19,8.5,invierno
lentejas,6.75,arcilloso,53.58,17.0,132.75,6.8,invierno
naranjas,6.21,limoso,60.65,21.0,160.56,8.5,primavera
zanahoria,6.78,arenoso,62.29,23.0,127.52,9.1,primavera
maiz,6.01,limoso,51.38,27.0,176.07,10.5,verano
soja,6.91,arcilloso,63.95,26.0,127.2,11.5,primavera
soja,6.47,arcilloso,59.03,21.0,158.4,11.5,primavera
naranjas,5.89,limoso,50.31,23.0,120.8,8.2,primavera
lentejas,6.54,arenoso,41.33,19.0,85.19,7.5,invierno
lentejas,6.23,arenoso,40.86,17.0,84.9,8.9,invierno
lentejas,6.37,limoso,54.45,20.0,129.61,6.0,otoño
uva,6.84,arenoso,52.64,16.0,87.26,8.2,verano
maiz,6.47,limoso,65.03,30.0,171.8,8.6,verano
zanahoria,6.57,arenoso,73.25,18.0,107.35,6.6,otoño
lentejas,6.6,limoso,57.78,19.0,124.27,6.6,invierno
naranjas,6.1,arenoso,61.77,22.0,159.98,11.4,verano
trigo,6.86,arcilloso,41.54,19.0,140.62,9.3,otoño
zanahoria,6.34,arenoso,70.67,21.0,132.38,6.9,invierno
zanahoria,6.15,limoso,64.37,21.0,98.52,8.6,primavera
soja,6.57,arenoso,65.73,26.0,149.83,8.6,primavera
naranjas,5.78,arenoso,67.58,22.0,155.73,8.2,verano
uva,6.43,arenoso,50.28,26.0,110.55,10.7,primavera
zanahoria,6.2,arenoso,61.35,16.0,149.92,7.3,primavera
zanahoria,6.54,arenoso,69.32,21.0,101.28,7.3,primavera
arroz,5.86,arcilloso,91.32,25.0,265.43,8.9,verano
uva,6.92,rocoso,46.18,17.0,115.81,8.0,verano
naranjas,6.21,limoso,61.62,30.0,175.67,9.8,verano
arroz,6.08,arcilloso,97.37,26.0,237.15,10.5,primavera
naranjas,6.3,arcilloso,62.99,28.0,171.51,10.4,primavera
arroz,6.33,arcilloso,97.27,22.0,292.5,10.5,verano
arroz,6.2,arcilloso,85.51,22.0,263.59,10.4,verano
soja,6.23,limoso,59.06,28.0,94.85,10.7,primavera
arroz,6.2,limoso,96.06,34.0,253.59,10.0,verano
naranjas,6.01,limoso,62.85,21.0,174.06,8.4,verano
soja,6.23,limoso,51.69,25.0,160.48,11.5,primavera
lentejas,6.5,arenoso,53.67,17.0,136.01,9.5,otoño
arroz,5.53,limoso,92.45,35.0,246.5,11.4,verano
soja,6.48,limoso,57.92,25.0,161.35,9.2,primavera
trigo,6.46,arcilloso,44.59,17.0,131.48,6.4,otoño
naranjas,5.97,arcilloso,53.32,21.0,100.87,8.6,primavera
zanahoria,6.24,arenoso,62.59,18.0,104.87,8.7,otoño
naranjas,5.72,limoso,65.54,21.0,198.67,9.1,primavera
lentejas,6.3,limoso,56.08,14.0,120.65,8.0,otoño
arroz,5.5,arcilloso,97.51,27.0,298.42,9.6,primavera
naranjas,5.89,arenoso,64.5,26.0,166.72,11.1,verano
lentejas,6.04,limoso,51.25,21.0,145.83,6.1,invierno
naranjas,6.12,arenoso,59.66,28.0,136.14,11.4,primavera
lentejas,6.7,limoso,50.28,22.0,142.29,9.3,invierno
naranjas,6.01,arenoso,62.89,22.0,155.27,9.5,verano
uva,6.13,limoso,43.31,28.0,114.35,9.6,verano
zanahoria,6.74,arcilloso,71.43,16.0,106.22,9.2,otoño
arroz,5.84,arcilloso,91.46,25.0,298.85,8.1,verano
naranjas,6.21,arenoso,55.26,20.0,187.07,11.2,verano
naranjas,5.76,arenoso,61.09,22.0,129.39,8.9,verano
lentejas,6.29,limoso,44.76,22.0,112.76,7.9,invierno
zanahoria,6.49,limoso,70.26,22.0,145.46,7.5,primavera
trigo,6.55,arcilloso,44.09,15.0,150.85,8.5,invierno
trigo,7.1,arcilloso,52.53,15.0,178.24,9.7,invierno
soja,6.22,limoso,54.75,20.0,147.97,8.4,primavera
zanahoria,6.74,limoso,72.22,17.0,83.89,8.3,invierno
maiz,6.19,limoso,61.32,31.0,158.73,8.3,primavera
zanahoria,6.34,arenoso,65.66,19.0,100.48,7.3,otoño
zanahoria,6.75,arenoso,72.23,22.0,102.23,9.4,primavera
arroz,6.01,arcilloso,98.26,25.0,245.56,10.7,verano
soja,6.7,arenoso,56.24,23.0,96.32,9.8,primavera
trigo,7.29,arcilloso,59.7,21.0,146.23,6.8,otoño
lentejas,6.16,limoso,43.01,23.0,111.27,8.0,otoño
uva,6.06,limoso,52.95,19.0,92.4,9.2,primavera
arroz,5.56,arcilloso,84.25,30.0,241.12,9.6,primavera
soja,6.81,limoso,55.98,21.0,125.2,10.9,verano
naranjas,5.9,limoso,52.4,27.0,153.15,9.2,primavera
trigo,6.52,limoso,52.64,18.0,141.21,7.4,otoño
soja,6.79,arcilloso,68.63,27.0,135.33,10.6,verano
trigo,6.9,arenoso,41.65,15.0,172.4,6.4,otoño
naranjas,5.68,arcilloso,54.29,21.0,159.48,11.0,primavera
uva,6.86,arenoso,57.46,27.0,132.37,10.2,primavera
soja,6.99,limoso,69.39,23.0,117.8,8.2,primavera
soja,6.62,limoso,69.79,25.0,101.03,10.8,verano
lentejas,6.82,limoso,47.02,17.0,136.4,7.3,otoño
maiz,6.67,arcilloso,68.26,28.0,138.27,8.6,verano
naranjas,5.87,arenoso,56.07,29.0,111.86,11.7,verano
maiz,6.48,arenoso,56.24,24.0,185.42,10.5,primavera
maiz,6.57,arcilloso,58.35,23.0,181.28,11.8,verano
maiz,6.52,arcilloso,63.63,31.0,124.68,9.3,verano
lentejas,6.26,limoso,47.1,17.0,127.31,8.6,otoño
lentejas,6.29,limoso,40.58,22.0,90.94,6.9,invierno
trigo,6.9,arcilloso,50.05,19.0,186.65,6.9,otoño
zanahoria,6.37,arenoso,66.33,18.0,86.4,7.3,otoño
naranjas,5.9,limoso,66.49,21.0,183.29,10.2,verano
uva,6.11,rocoso,50.01,22.0,97.47,10.2,primavera
trigo,6.92,arcilloso,40.79,15.0,110.51,9.9,invierno
soja,6.39,limoso,67.14,27.0,125.25,8.5,primavera
lentejas,6.27,arenoso,40.52,19.0,126.17,8.8,otoño
maiz,6.16,arcilloso,67.74,26.0,169.69,11.7,verano
trigo,6.55,arcilloso,55.15,21.0,116.73,7.6,otoño
maiz,6.04,arcilloso,56.71,23.0,143.5,11.3,verano
lentejas,6.14,limoso,57.37,22.0,109.37,6.2,otoño
maiz,6.01,limoso,64.62,31.0,198.16,9.3,primavera
trigo,6.93,arcilloso,59.48,17.0,132.02,8.8,otoño
lentejas,6.13,limoso,43.89,14.0,108.73,6.7,otoño
maiz,6.18,limoso,68.61,23.0,165.01,9.3,verano
uva,6.28,arenoso,53.26,28.0,133.14,10.9,verano
lentejas,6.53,limoso,51.44,21.0,133.21,6.6,otoño
uva,6.35,arenoso,42.51,18.0,137.91,10.3,primavera
trigo,6.57,limoso,45.2,21.0,181.66,7.2,otoño
arroz,6.15,limoso,95.81,22.0,254.56,8.4,verano
lentejas,6.74,limoso,53.43,16.0,85.69,10.0,otoño
lentejas,6.12,limoso,47.04,21.0,115.5,8.6,invierno
zanahoria,6.5,arenoso,68.55,18.0,119.5,9.4,otoño
naranjas,5.9,arenoso,52.58,21.0,160.32,10.1,primavera
maiz,6.71,arenoso,55.88,24.0,196.54,9.0,verano
soja,6.25,limoso,51.87,28.0,100.81,8.6,verano
uva,6.6,rocoso,51.51,21.0,99.31,11.1,primavera
soja,6.95,limoso,63.22,25.0,110.09,10.6,primavera
maiz,6.68,arcilloso,64.68,25.0,167.85,11.7,primavera
soja,6.22,arcilloso,66.14,27.0,128.62,11.1,primavera
soja,6.34,limoso,63.28,28.0,94.03,11.6,primavera
naranjas,5.62,arenoso,60.93,28.0,112.75,11.2,verano
uva,6.14,rocoso,45.87,23.0,128.85,11.6,verano
maiz,6.67,limoso,61.62,25.0,195.63,8.3,verano
naranjas,6.04,limoso,50.32,27.0,132.35,10.7,verano
lentejas,6.13,arcilloso,58.49,18.0,114.93,7.3,invierno
lentejas,6.73,arcilloso,42.36,13.0,129.85,7.4,otoño
uva,6.09,limoso,57.89,27.0,142.92,10.2,verano
lentejas,6.38,limoso,47.77,15.0,86.65,7.3,otoño
arroz,6.33,limoso,88.09,21.0,206.58,11.6,verano
lentejas,6.33,limoso,48.05,20.0,127.75,7.3,otoño
arroz,6.24,arcilloso,82.39,29.0,225.67,11.2,verano
arroz,6.23,arcilloso,83.73,20.0,228.45,9.8,primavera
uva,6.23,arenoso,51.02,23.0,99.76,9.2,primavera
maiz,6.07,arcilloso,52.11,28.0,174.43,8.9,verano
arroz,6.43,arcilloso,85.44,26.0,259.86,10.6,verano
arroz,6.31,arcilloso,94.6,25.0,264.1,9.9,verano
trigo,7.09,arcilloso,58.83,17.0,168.59,9.7,invierno
naranjas,6.09,arenoso,63.51,24.0,175.63,9.8,primavera
uva,6.55,rocoso,46.36,24.0,104.19,11.3,verano
maiz,6.4,arcilloso,63.16,32.0,165.17,9.4,verano
lentejas,6.45,arenoso,40.0,19.0,123.15,7.8,invierno
zanahoria,6.65,arcilloso,72.98,25.0,90.6,7.9,invierno
naranjas,5.68,limoso,55.95,22.0,167.56,8.2,verano
uva,6.06,rocoso,51.9,28.0,120.39,9.4,verano
trigo,6.88,limoso,51.86,13.0,123.77,9.5,otoño
arroz,5.93,arcilloso,81.61,34.0,275.51,10.3,primavera
uva,6.32,rocoso,58.32,20.0,101.49,8.8,verano
lentejas,6.88,arenoso,43.54,20.0,82.82,7.6,invierno
lentejas,7.0,limoso,57.9,14.0,135.01,8.5,invierno
uva,6.09,limoso,45.61,17.0,110.79,10.6,primavera
uva,6.13,arenoso,49.19,26.0,143.39,11.3,primavera
arroz,6.33,arcilloso,87.06,32.0,255.47,11.3,primavera
maiz,6.36,arcilloso,54.95,31.0,136.46,9.7,primavera
maiz,6.46,arcilloso,51.19,28.0,196.37,10.1,primavera
lentejas,6.37,limoso,40.25,14.0,131.96,7.0,invierno
soja,6.52,limoso,59.67,23.0,157.13,8.6,primavera
naranjas,5.62,limoso,60.41,30.0,120.18,9.0,primavera
lentejas,6.1,limoso,43.71,18.0,125.19,6.2,invierno
uva,6.45,arenoso,58.74,30.0,135.75,11.0,verano
soja,6.49,arenoso,63.69,28.0,101.4,9.5,primavera
trigo,7.01,arcilloso,41.11,15.0,171.28,7.7,otoño
soja,6.47,limoso,51.97,28.0,137.95,10.9,primavera
uva,6.49,arenoso,41.02,24.0,94.54,10.4,primavera
lentejas,6.92,limoso,45.61,16.0,134.77,10.0,otoño
uva,6.96,rocoso,49.8,24.0,131.78,10.4,primavera
arroz,5.83,arcilloso,88.4,29.0,283.26,11.2,primavera
maiz,6.77,limoso,63.05,27.0,187.58,10.5,verano
uva,6.14,rocoso,47.92,17.0,91.11,11.8,verano
zanahoria,6.1,arenoso,67.09,18.0,131.16,8.8,invierno
naranjas,6.02,limoso,53.23,25.0,155.35,10.3,primavera
arroz,6.33,arcilloso,89.46,21.0,269.93,9.3,primavera
maiz,6.64,limoso,62.2,27.0,133.32,9.0,verano
maiz,6.56,arcilloso,56.38,26.0,210.8,9.0,primavera
arroz,6.08,limoso,83.49,27.0,209.14,10.5,verano
naranjas,5.69,arenoso,62.84,23.0,149.45,8.5,verano
zanahoria,6.48,limoso,68.59,22.0,143.91,8.3,otoño
trigo,6.56,limoso,47.69,16.0,157.52,8.4,otoño
maiz,6.07,arcilloso,53.44,27.0,141.4,9.1,verano
maiz,6.48,arcilloso,67.27,25.0,149.35,9.1,primavera
maiz,6.71,arcilloso,61.29,29.0,187.91,11.7,verano
trigo,6.59,arcilloso,52.77,15.0,114.57,6.6,otoño
naranjas,5.7,limoso,60.0,27.0,123.91,11.0,verano
trigo,7.01,arenoso,52.41,20.0,116.7,7.5,otoño
naranjas,6.14,limoso,69.31,24.0,113.07,10.7,verano
lentejas,6.63,arcilloso,47.34,14.0,94.46,7.3,invierno
uva,6.41,arenoso,43.97,27.0,143.65,9.5,verano
lentejas,6.77,limoso,53.15,19.0,81.79,9.2,invierno
uva,6.11,arenoso,46.34,27.0,141.28,9.2,verano
arroz,6.29,arcilloso,98.24,21.0,285.33,9.3,verano
uva,6.65,rocoso,42.4,20.0,136.17,11.4,primavera
trigo,6.48,limoso,44.71,21.0,179.7,7.2,otoño
lentejas,6.13,arcilloso,54.84,20.0,97.66,9.5,otoño
zanahoria,6.69,arcilloso,64.35,16.0,93.62,9.3,invierno
maiz,6.15,limoso,60.22,28.0,166.09,11.3,verano
soja,6.95,limoso,59.38,26.0,163.78,8.6,primavera
soja,6.29,limoso,67.73,20.0,166.91,10.7,primavera
zanahoria,6.56,limoso,77.27,16.0,148.43,8.3,primavera
soja,6.64,arenoso,57.38,23.0,117.53,10.1,primavera
naranjas,5.62,arenoso,58.32,21.0,139.68,9.9,primavera
maiz,6.48,arcilloso,58.44,30.0,139.57,11.3,verano
maiz,6.11,arcilloso,50.92,31.0,186.08,11.0,primavera
maiz,6.35,arenoso,56.9,23.0,140.42,9.7,primavera
maiz,6.44,arcilloso,55.63,30.0,195.28,10.9,verano
lentejas,6.93,limoso,42.38,18.0,104.42,7.5,invierno
soja,6.39,arcilloso,68.36,21.0,108.61,11.0,primavera
maiz,6.31,limoso,56.82,26.0,187.56,10.0,verano
lentejas,6.67,limoso,50.7,13.0,136.56,7.3,invierno
uva,6.25,rocoso,59.84,28.0,86.82,10.8,primavera
arroz,5.83,limoso,82.44,20.0,290.41,8.3,primavera
uva,6.24,arenoso,41.36,18.0,118.89,9.2,verano
uva,6.44,limoso,56.16,26.0,117.59,11.4,primavera
trigo,6.67,arcilloso,46.41,14.0,172.65,6.5,otoño
arroz,5.83,arcilloso,95.22,21.0,286.47,8.5,verano
maiz,6.2,limoso,53.38,31.0,121.32,10.0,verano
trigo,6.85,arcilloso,56.06,22.0,158.47,8.0,otoño
naranjas,5.88,limoso,53.2,27.0,116.76,9.2,verano
uva,6.65,arenoso,53.27,17.0,108.1,11.2,primavera
maiz,6.03,arcilloso,69.11,32.0,155.23,8.2,primavera
zanahoria,6.09,limoso,70.07,23.0,115.57,8.5,invierno
naranjas,5.84,limoso,53.84,21.0,193.81,11.7,verano
zanahoria,6.56,arcilloso,76.41,21.0,127.0,9.7,invierno
trigo,6.94,limoso,47.64,13.0,125.74,6.9,otoño
zanahoria,6.75,arenoso,70.52,23.0,129.89,6.8,invierno
trigo,6.56,arcilloso,57.67,15.0,164.71,6.1,otoño
maiz,6.68,limoso,57.21,23.0,140.21,10.2,primavera
maiz,6.07,arenoso,50.12,27.0,132.32,9.2,verano
naranjas,6.0,limoso,64.29,22.0,144.38,9.1,primavera
maiz,6.16,arcilloso,68.33,25.0,157.21,11.0,primavera
trigo,6.85,arcilloso,51.58,13.0,135.12,8.0,otoño
lentejas,6.74,arenoso,48.48,16.0,147.31,7.8,invierno
trigo,7.23,arcilloso,45.98,16.0,134.98,8.9,otoño
trigo,6.73,limoso,58.82,18.0,169.33,9.2,otoño
uva,6.45,arenoso,41.25,21.0,120.84,9.9,verano
soja,6.35,arcilloso,60.91,22.0,113.35,11.0,primavera
lentejas,6.11,limoso,47.92,19.0,136.39,7.2,invierno
maiz,6.57,arcilloso,58.93,23.0,140.6,8.0,primavera
maiz,6.29,arcilloso,57.75,23.0,193.82,11.4,verano
lentejas,6.73,arcilloso,59.51,19.0,103.91,8.6,otoño
zanahoria,6.14,arenoso,76.84,21.0,102.81,6.8,invierno
arroz,5.84,limoso,81.76,32.0,284.75,8.7,verano
trigo,7.07,limoso,42.38,13.0,132.92,8.1,otoño
maiz,6.45,limoso,63.34,26.0,215.31,10.9,verano
soja,6.27,limoso,66.43,21.0,153.35,11.2,primavera
lentejas,6.6,limoso,47.59,19.0,147.89,8.9,invierno
maiz,6.58,arcilloso,56.57,27.0,122.48,9.0,verano
trigo,6.7,arcilloso,43.95,20.0,124.86,6.3,otoño
uva,6.86,rocoso,56.1,17.0,84.88,11.6,primavera
maiz,6.26,limoso,50.73,27.0,153.63,11.7,primavera
maiz,6.5,arcilloso,56.49,29.0,153.73,8.7,primavera
lentejas,6.48,limoso,41.5,14.0,138.62,7.0,otoño
uva,6.83,arenoso,59.62,22.0,135.44,9.6,verano
lentejas,6.12,limoso,48.76,21.0,98.37,7.7,otoño
arroz,6.36,arcilloso,93.08,25.0,261.72,11.5,verano
lentejas,6.77,arenoso,59.4,22.0,122.06,8.8,otoño
arroz,6.19,arcilloso,84.03,24.0,216.98,8.4,verano
maiz,6.39,arenoso,62.21,27.0,144.97,9.4,verano
arroz,5.6,arcilloso,98.12,31.0,253.28,11.4,primavera
lentejas,6.68,arenoso,51.51,14.0,120.72,9.1,invierno
naranjas,5.98,arenoso,64.38,23.0,131.62,11.4,primavera
lentejas,6.76,limoso,46.02,15.0,132.95,7.9,otoño
trigo,7.25,arenoso,49.01,15.0,145.43,9.4,otoño
arroz,5.7,arcilloso,88.51,28.0,202.1,8.1,verano
naranjas,5.81,arenoso,60.11,24.0,163.46,10.5,primavera
trigo,7.24,limoso,58.83,19.0,139.07,9.8,otoño
maiz,6.17,limoso,68.47,32.0,123.25,8.9,primavera
naranjas,5.87,arenoso,56.09,30.0,164.28,10.9,verano
soja,6.39,arcilloso,62.81,27.0,149.27,10.2,primavera
trigo,7.08,arcilloso,52.16,16.0,169.39,6.9,otoño
naranjas,5.8,arenoso,63.27,21.0,195.39,11.5,verano
uva,6.15,rocoso,53.29,21.0,129.08,9.6,verano
trigo,7.24,arcilloso,55.95,17.0,170.03,7.2,otoño
lentejas,6.91,arcilloso,51.64,21.0,140.51,7.8,invierno
soja,6.58,arcilloso,63.78,27.0,169.74,9.7,primavera
naranjas,5.89,limoso,54.08,28.0,155.77,8.2,verano
naranjas,5.88,limoso,66.79,27.0,161.51,8.7,verano
soja,6.82,limoso,54.55,21.0,116.62,11.8,primavera
trigo,6.81,arcilloso,41.05,17.0,130.38,7.4,otoño
naranjas,5.67,limoso,55.64,22.0,103.94,8.1,verano
maiz,6.15,arcilloso,68.72,27.0,149.03,10.2,primavera
zanahoria,6.71,arenoso,70.71,20.0,107.24,9.5,primavera
trigo,6.84,arenoso,41.14,21.0,114.04,8.2,otoño
naranjas,5.7,limoso,55.65,23.0,140.5,12.0,primavera
naranjas,5.87,arenoso,64.6,24.0,106.39,8.3,primavera
trigo,6.67,arenoso,58.89,15.0,155.67,9.6,otoño
trigo,7.24,limoso,51.4,18.0,185.39,9.2,otoño
trigo,6.8,limoso,54.66,22.0,133.0,8.2,otoño
soja,6.28,limoso,52.58,20.0,157.6,8.2,primavera
zanahoria,6.56,arenoso,79.81,21.0,105.97,9.1,otoño
maiz,6.72,arcilloso,54.79,22.0,153.58,10.1,verano
naranjas,6.17,arenoso,54.49,25.0,126.08,8.0,verano
soja,6.61,arcilloso,51.59,26.0,142.35,11.5,primavera
zanahoria,6.47,limoso,67.44,16.0,112.05,7.6,primavera
uva,6.12,rocoso,51.01,23.0,128.31,11.3,primavera
soja,6.46,limoso,63.76,22.0,148.92,8.2,primavera
zanahoria,6.11,limoso,60.96,24.0,129.78,6.0,primavera
lentejas,6.41,limoso,51.53,23.0,96.91,8.7,invierno
soja,6.5,limoso,50.16,24.0,168.92,9.1,primavera
lentejas,6.03,arcilloso,49.21,15.0,89.36,9.8,otoño
soja,6.59,limoso,55.08,27.0,97.17,10.9,primavera
arroz,5.91,arcilloso,84.35,26.0,239.09,11.9,primavera
arroz,5.94,arcilloso,94.33,25.0,226.78,9.7,verano
uva,6.84,arenoso,53.74,20.0,84.26,10.8,primavera
soja,6.38,limoso,67.32,24.0,100.96,11.4,verano
soja,6.78,arcilloso,69.75,22.0,142.99,10.4,verano
maiz,6.32,arcilloso,61.39,22.0,146.07,10.1,verano
naranjas,6.0,limoso,60.37,21.0,123.29,10.0,primavera
maiz,6.1,limoso,51.05,26.0,175.4,9.2,verano
uva,6.71,arenoso,55.52,27.0,133.74,8.5,verano
naranjas,5.95,limoso,55.31,28.0,125.18,11.3,primavera
naranjas,5.9,arenoso,60.91,21.0,169.16,11.2,primavera
uva,6.59,arenoso,50.48,25.0,98.7,11.6,verano
lentejas,6.83,limoso,41.51,14.0,83.45,7.0,otoño
naranjas,5.69,arenoso,66.42,30.0,145.39,10.0,verano
zanahoria,6.22,limoso,66.82,25.0,98.45,7.1,primavera
maiz,6.8,arcilloso,54.46,26.0,154.78,8.1,primavera
lentejas,6.65,limoso,42.57,20.0,148.77,9.6,invierno
arroz,5.71,arcilloso,81.28,29.0,282.5,11.4,verano
uva,6.93,rocoso,46.23,23.0,84.62,11.9,primavera
trigo,7.0,limoso,54.99,19.0,134.55,6.2,otoño
lentejas,6.66,limoso,51.95,22.0,142.36,7.8,invierno
naranjas,6.21,limoso,60.02,26.0,113.72,11.8,primavera
maiz,6.44,arcilloso,52.04,31.0,202.05,11.0,primavera
trigo,6.95,limoso,50.54,18.0,164.7,9.0,otoño
soja,6.35,limoso,51.14,25.0,157.23,8.1,primavera
uva,6.2,limoso,50.83,19.0,149.63,11.9,verano
maiz,6.5,arcilloso,64.83,29.0,140.59,9.4,primavera
uva,6.31,rocoso,52.39,16.0,115.9,9.4,primavera
uva,6.58,rocoso,55.63,26.0,138.41,8.2,verano
lentejas,6.95,limoso,40.38,17.0,82.31,9.8,otoño
arroz,6.21,arcilloso,84.71,27.0,291.48,8.8,verano
arroz,6.48,arcilloso,84.16,31.0,225.34,11.6,verano
trigo,6.93,limoso,46.19,16.0,142.44,9.9,otoño
lentejas,6.91,limoso,56.66,18.0,98.13,9.5,otoño
zanahoria,6.53,arcilloso,63.37,25.0,111.7,9.8,invierno
maiz,6.38,arcilloso,66.37,25.0,177.46,10.1,verano
naranjas,5.7,arenoso,62.87,22.0,109.76,8.7,verano
naranjas,5.72,arenoso,57.32,22.0,121.83,8.2,primavera
naranjas,5.63,arenoso,67.82,26.0,183.24,12.0,primavera
soja,6.21,limoso,63.71,22.0,100.54,11.5,primavera
maiz,6.62,arenoso,57.66,28.0,163.01,9.8,primavera
maiz,6.08,arcilloso,68.81,32.0,143.93,10.5,verano
trigo,6.64,arenoso,52.66,19.0,130.57,8.9,otoño
naranjas,5.81,arenoso,51.91,29.0,193.54,11.9,verano
trigo,6.5,arcilloso,58.19,15.0,175.57,10.0,otoño
soja,6.53,arcilloso,54.74,21.0,151.6,10.5,verano
naranjas,6.28,arenoso,55.99,21.0,127.17,11.3,primavera
uva,6.09,arenoso,48.38,23.0,129.63,11.6,primavera
lentejas,6.28,limoso,41.13,14.0,120.65,9.7,invierno
uva,6.48,arenoso,52.22,30.0,105.26,11.0,verano
lentejas,6.36,limoso,59.92,18.0,137.12,7.7,invierno
trigo,7.2,limoso,54.3,14.0,182.82,6.6,otoño
soja,6.21,arcilloso,54.73,22.0,148.88,9.3,primavera
maiz,6.77,arcilloso,64.35,29.0,154.34,8.1,verano
arroz,5.52,arcilloso,89.11,28.0,200.75,9.7,primavera
arroz,6.38,arcilloso,99.65,26.0,217.79,9.4,verano
naranjas,6.18,arenoso,55.17,29.0,166.93,9.8,primavera
trigo,6.45,arenoso,54.04,17.0,145.32,6.5,otoño
uva,6.8,arenoso,54.37,24.0,114.47,8.8,verano
naranjas,5.78,limoso,59.26,25.0,193.49,10.5,verano
zanahoria,6.3,arenoso,72.46,19.0,134.46,6.9,otoño
trigo,7.17,arenoso,58.65,13.0,140.56,6.1,otoño
lentejas,6.29,limoso,42.19,23.0,92.23,8.6,otoño
uva,6.48,limoso,40.1,21.0,87.03,10.0,primavera
zanahoria,6.79,arenoso,74.65,22.0,94.85,7.0,otoño
soja,6.37,arenoso,57.32,21.0,146.19,9.2,primavera
trigo,7.01,limoso,42.93,14.0,173.21,8.5,otoño
arroz,6.13,limoso,92.47,22.0,211.58,11.4,verano
lentejas,6.77,limoso,57.95,22.0,86.12,9.7,invierno
soja,6.37,limoso,69.36,21.0,165.27,8.7,primavera
trigo,6.88,arcilloso,52.9,12.0,186.83,6.2,otoño
trigo,7.03,arcilloso,40.99,18.0,137.33,9.8,invierno
soja,6.6,limoso,63.69,24.0,151.21,9.9,primavera
maiz,6.43,limoso,54.26,28.0,128.38,10.6,verano
trigo,6.96,arcilloso,56.07,20.0,188.32,8.0,otoño
uva,6.87,rocoso,53.39,27.0,98.25,9.2,primavera
maiz,6.08,arcilloso,55.25,31.0,132.89,10.9,primavera
naranjas,6.27,arcilloso,63.94,21.0,127.42,9.3,verano
trigo,6.51,limoso,51.87,13.0,144.2,6.6,otoño
lentejas,6.85,limoso,41.58,15.0,113.22,7.4,invierno
naranjas,5.88,limoso,59.86,25.0,149.03,11.4,verano
trigo,6.93,arenoso,54.52,21.0,182.67,8.4,otoño
maiz,6.09,arcilloso,68.99,25.0,136.89,9.8,primavera
zanahoria,6.55,limoso,65.81,16.0,100.89,8.7,otoño
zanahoria,6.21,arenoso,69.16,23.0,94.42,8.8,otoño
arroz,5.99,arcilloso,94.46,34.0,291.71,10.3,verano
maiz,6.16,limoso,57.05,29.0,151.92,11.6,primavera
maiz,6.42,arcilloso,52.47,23.0,178.33,10.9,primavera
soja,6.64,limoso,64.05,25.0,169.13,9.1,primavera
arroz,5.7,arcilloso,87.67,33.0,286.53,10.4,primavera
arroz,5.65,arcilloso,87.52,31.0,253.97,8.3,verano
lentejas,6.64,limoso,42.24,21.0,117.3,7.9,invierno
zanahoria,6.7,limoso,63.36,20.0,114.12,8.5,primavera
lentejas,6.67,limoso,54.5,18.0,127.6,6.8,invierno
lentejas,6.14,arcilloso,43.1,16.0,97.43,7.5,otoño
uva,6.45,arenoso,51.33,25.0,101.18,9.8,primavera
maiz,6.67,arcilloso,60.54,28.0,137.08,8.8,primavera
lentejas,6.51,limoso,42.2,17.0,96.87,6.1,invierno
zanahoria,6.11,arenoso,73.95,21.0,134.79,9.7,invierno
uva,6.14,limoso,41.87,29.0,122.76,8.0,verano
arroz,6.15,arcilloso,98.96,24.0,233.72,9.6,verano
trigo,7.2,limoso,44.87,21.0,118.39,7.1,otoño
lentejas,6.37,limoso,55.97,20.0,93.33,7.5,otoño
uva,6.18,limoso,41.41,20.0,115.22,10.0,primavera
soja,6.34,limoso,66.86,25.0,142.06,11.5,verano
naranjas,5.75,arenoso,64.58,25.0,141.52,8.7,primavera
maiz,6.58,arcilloso,59.28,24.0,153.75,8.1,verano
arroz,5.54,limoso,93.46,35.0,288.28,9.9,verano
naranjas,6.28,limoso,60.02,30.0,109.74,9.2,verano
uva,6.67,rocoso,49.06,28.0,147.31,11.1,verano
maiz,6.67,arcilloso,66.54,28.0,196.22,10.9,primavera
zanahoria,6.11,arenoso,70.71,16.0,101.21,9.0,primavera
lentejas,6.32,arcilloso,57.63,17.0,85.83,8.9,invierno
arroz,6.2,arcilloso,92.62,22.0,256.56,10.0,verano
trigo,6.87,limoso,47.24,17.0,163.66,7.1,otoño
soja,6.36,limoso,56.29,21.0,144.8,10.8,primavera
soja,6.49,limoso,53.87,28.0,122.7,9.9,primavera
maiz,6.78,arcilloso,55.35,26.0,129.44,8.5,verano
uva,6.46,arenoso,44.95,25.0,125.57,11.3,verano
zanahoria,6.69,arenoso,73.96,18.0,149.95,6.7,otoño
arroz,6.07,limoso,99.37,28.0,245.82,11.8,primavera
soja,6.88,arenoso,60.83,25.0,110.55,11.2,primavera
zanahoria,6.4,limoso,73.28,18.0,145.49,9.6,otoño
naranjas,6.1,limoso,68.96,21.0,110.62,8.7,verano
arroz,5.75,arcilloso,92.57,28.0,274.26,9.1,verano
uva,6.65,rocoso,52.68,17.0,111.01,10.2,verano
zanahoria,6.35,limoso,73.68,24.0,94.25,9.5,otoño
arroz,6.02,arcilloso,88.27,24.0,274.81,8.8,verano
lentejas,6.4,limoso,48.5,17.0,144.08,9.0,invierno
trigo,7.2,arcilloso,46.73,18.0,118.23,8.9,otoño
maiz,6.21,arcilloso,64.43,31.0,208.16,10.1,verano
arroz,6.17,arcilloso,99.09,33.0,270.79,10.9,verano
soja,6.23,limoso,60.78,28.0,128.74,8.3,primavera
trigo,6.44,arcilloso,40.66,17.0,158.05,6.2,otoño
arroz,5.54,arcilloso,85.3,30.0,294.88,9.1,primavera
trigo,7.17,arcilloso,45.23,21.0,168.1,6.9,otoño
uva,6.97,rocoso,58.49,23.0,88.19,10.1,primavera
arroz,6.13,arcilloso,88.12,35.0,211.24,9.1,verano
arroz,5.92,arcilloso,92.08,24.0,241.08,8.9,primavera
naranjas,6.22,arenoso,52.9,25.0,196.3,10.4,verano
zanahoria,6.01,arenoso,76.15,23.0,144.06,9.4,invierno
lentejas,6.21,arcilloso,40.61,14.0,139.83,8.5,invierno
lentejas,6.98,limoso,44.51,15.0,135.48,6.7,otoño
maiz,6.58,limoso,51.6,26.0,205.84,8.9,primavera
uva,6.01,arenoso,45.01,25.0,142.18,9.8,verano
trigo,7.27,arcilloso,46.73,17.0,188.34,8.8,otoño
uva,6.14,arenoso,46.68,23.0,121.0,8.0,verano
uva,6.29,rocoso,40.03,19.0,141.7,10.4,verano
trigo,6.92,arcilloso,47.12,19.0,154.81,7.5,otoño
lentejas,6.55,limoso,43.39,19.0,148.23,9.3,otoño
naranjas,5.86,limoso,67.63,29.0,173.96,8.3,verano
uva,6.34,rocoso,45.74,19.0,104.94,8.7,verano
arroz,6.35,arcilloso,85.45,22.0,225.2,11.7,verano
maiz,6.44,arenoso,54.25,27.0,167.47,9.0,verano
soja,6.95,limoso,67.39,26.0,109.82,8.1,primavera
uva,6.66,rocoso,48.45,18.0,101.4,10.1,verano
arroz,6.04,limoso,83.43,32.0,269.29,10.2,primavera
arroz,6.32,arcilloso,98.6,34.0,206.93,9.8,primavera
naranjas,5.66,arenoso,65.13,28.0,149.46,11.6,primavera
lentejas,6.26,arcilloso,43.79,22.0,110.17,6.8,invierno
maiz,6.14,arcilloso,58.36,25.0,152.06,8.5,primavera
trigo,6.72,limoso,47.76,20.0,134.46,6.3,invierno
soja,6.32,limoso,56.91,26.0,109.71,8.3,primavera
naranjas,6.03,limoso,67.49,20.0,126.1,11.5,verano
arroz,5.81,arcilloso,80.32,26.0,235.17,10.2,verano
arroz,6.3,arcilloso,85.67,24.0,248.23,10.9,verano
naranjas,6.17,arenoso,61.42,27.0,137.9,9.2,primavera
maiz,6.64,arcilloso,54.89,24.0,153.92,10.0,verano
trigo,7.14,limoso,48.3,13.0,145.02,6.9,otoño
maiz,6.71,limoso,64.91,22.0,177.51,11.1,primavera
naranjas,6.27,limoso,59.19,22.0,193.35,9.4,primavera
soja,6.77,limoso,67.77,24.0,101.43,11.1,verano
arroz,6.36,arcilloso,99.89,30.0,207.41,12.0,verano
maiz,6.09,arcilloso,61.75,24.0,216.29,8.7,primavera
trigo,7.3,arcilloso,45.61,14.0,123.13,7.1,otoño
naranjas,5.99,limoso,62.21,23.0,128.72,10.0,verano
zanahoria,6.13,arenoso,65.75,22.0,111.74,10.0,otoño
trigo,6.78,arcilloso,51.98,15.0,142.0,9.1,invierno
uva,6.85,rocoso,56.52,20.0,107.89,9.3,verano
maiz,6.2,arenoso,53.76,23.0,129.87,10.3,verano
zanahoria,6.37,arenoso,75.99,22.0,109.84,7.3,otoño
naranjas,5.67,arenoso,63.33,28.0,150.87,8.2,verano
trigo,7.17,limoso,49.64,17.0,188.02,9.9,otoño
trigo,6.45,arcilloso,42.49,22.0,133.19,9.4,otoño
soja,6.93,arenoso,53.13,23.0,139.53,8.6,verano
naranjas,6.01,limoso,64.9,25.0,133.1,11.3,primavera
naranjas,6.02,arenoso,54.54,29.0,190.84,11.1,primavera
lentejas,6.51,arcilloso,59.84,19.0,105.92,6.9,invierno
lentejas,6.08,limoso,46.07,17.0,92.58,8.3,invierno
arroz,5.93,arcilloso,86.73,25.0,228.49,9.9,verano
uva,6.77,arenoso,55.34,18.0,102.52,9.9,verano
arroz,6.44,arcilloso,96.84,27.0,265.94,10.0,verano
soja,6.51,limoso,67.92,26.0,90.29,9.3,primavera
lentejas,6.68,arcilloso,52.58,21.0,133.57,7.4,otoño
uva,6.85,arenoso,48.32,30.0,94.04,8.9,primavera
arroz,6.26,arcilloso,90.62,21.0,281.22,11.5,verano
soja,6.65,arcilloso,50.79,23.0,141.93,10.8,primavera
uva,6.65,rocoso,43.18,16.0,111.2,8.2,verano
trigo,6.85,arcilloso,56.24,21.0,163.84,6.2,otoño
maiz,6.71,arcilloso,64.22,32.0,199.06,9.0,verano
soja,6.21,arcilloso,57.2,24.0,144.18,10.8,verano
arroz,5.82,limoso,98.66,33.0,242.18,10.8,primavera
naranjas,6.06,arenoso,53.98,26.0,106.07,9.7,verano
arroz,5.67,arcilloso,87.07,22.0,267.23,10.0,primavera
maiz,6.67,limoso,56.06,26.0,167.07,8.6,primavera
soja,6.84,limoso,63.88,21.0,161.7,9.6,primavera
trigo,6.71,limoso,40.78,14.0,176.5,9.1,otoño
naranjas,5.84,limoso,52.03,27.0,124.87,8.1,primavera
trigo,6.57,arcilloso,57.31,14.0,116.28,7.4,otoño
uva,6.74,arenoso,57.18,26.0,108.13,8.3,verano
soja,6.51,limoso,63.33,22.0,136.86,10.3,primavera
soja,6.93,arenoso,53.07,27.0,111.28,10.4,primavera
maiz,6.12,arenoso,57.66,29.0,122.03,8.8,verano
zanahoria,6.66,arenoso,69.35,18.0,112.45,9.6,invierno
uva,6.9,limoso,58.87,23.0,127.4,11.1,primavera
lentejas,6.34,limoso,44.85,22.0,116.52,6.1,otoño
uva,6.07,rocoso,43.65,24.0,124.62,10.2,verano
lentejas,6.26,limoso,49.2,16.0,82.31,8.4,invierno
uva,6.31,arenoso,41.82,29.0,128.25,8.5,primavera
lentejas,6.32,arcilloso,53.08,16.0,147.74,7.3,invierno
lentejas,6.61,limoso,41.34,13.0,97.13,9.5,invierno
uva,6.21,arenoso,53.77,17.0,135.14,9.2,primavera
lentejas,6.69,limoso,58.15,14.0,117.38,9.5,invierno
uva,6.77,arenoso,49.57,18.0,132.66,11.6,verano
uva,6.16,arenoso,54.77,28.0,123.84,10.7,primavera
arroz,6.16,arcilloso,91.43,21.0,262.4,10.5,primavera
uva,6.44,rocoso,55.4,17.0,147.37,11.6,primavera
uva,6.51,arenoso,54.62,19.0,131.59,8.3,verano
naranjas,6.09,limoso,51.04,29.0,145.83,9.0,primavera
naranjas,6.17,arenoso,66.15,24.0,110.09,11.8,verano
trigo,6.59,arcilloso,44.67,16.0,172.41,9.1,otoño
lentejas,6.47,limoso,42.9,16.0,144.02,6.5,invierno
maiz,6.14,limoso,60.84,23.0,196.62,11.7,verano
zanahoria,6.51,limoso,61.65,24.0,100.53,8.0,invierno
arroz,5.88,arcilloso,89.13,23.0,226.72,10.0,verano
soja,6.28,limoso,52.02,20.0,133.89,11.9,primavera
soja,6.44,arcilloso,69.44,27.0,98.8,11.8,primavera
zanahoria,6.06,limoso,65.69,24.0,105.75,6.6,invierno
uva,6.66,arenoso,56.39,29.0,88.38,10.1,primavera
uva,6.06,arenoso,50.71,18.0,102.57,9.8,verano
uva,6.9,arenoso,51.05,16.0,83.07,10.9,verano
arroz,5.83,limoso,88.18,25.0,274.49,8.3,verano
soja,6.59,limoso,56.41,28.0,141.33,8.1,primavera
trigo,6.99,arcilloso,55.27,22.0,162.72,6.2,otoño
soja,6.7,limoso,60.08,24.0,112.68,11.8,verano
naranjas,6.27,limoso,51.29,26.0,158.77,11.6,verano
arroz,5.86,arcilloso,82.58,26.0,227.47,11.6,verano
soja,6.41,arcilloso,59.6,23.0,102.12,9.8,verano
arroz,5.86,arcilloso,99.79,21.0,265.49,9.8,primavera
uva,6.23,rocoso,48.05,18.0,136.94,11.0,verano
lentejas,6.19,limoso,44.3,22.0,145.95,8.1,invierno
trigo,7.11,arenoso,43.9,22.0,121.41,8.0,otoño
lentejas,6.49,limoso,45.36,18.0,112.95,8.8,invierno
naranjas,6.05,arenoso,53.24,30.0,107.6,10.7,primavera
trigo,6.58,limoso,54.09,17.0,153.25,9.4,otoño
uva,6.15,limoso,50.29,17.0,128.59,10.1,primavera
uva,6.6,arenoso,41.57,23.0,108.19,10.4,primavera
naranjas,5.95,limoso,66.83,26.0,161.89,9.1,verano
arroz,5.79,arcilloso,93.0,20.0,281.03,10.1,verano
arroz,6.31,arcilloso,80.37,30.0,230.14,10.5,verano
uva,6.4,arenoso,44.34,25.0,147.95,8.7,verano
trigo,6.79,arcilloso,50.32,15.0,165.03,9.5,otoño
maiz,6.07,limoso,53.92,29.0,159.04,9.7,verano
soja,6.62,arcilloso,51.1,27.0,146.24,8.9,primavera
trigo,6.59,arcilloso,57.93,14.0,128.2,7.1,otoño
trigo,7.1,arcilloso,55.07,22.0,171.77,9.4,otoño
soja,6.72,limoso,60.73,23.0,111.43,10.4,verano
lentejas,6.29,arenoso,59.21,16.0,149.74,9.4,invierno
arroz,5.87,arcilloso,87.67,33.0,265.08,10.5,verano
naranjas,5.84,arenoso,50.4,26.0,169.88,11.4,primavera
maiz,6.7,arcilloso,56.86,23.0,163.95,10.0,verano
maiz,6.7,limoso,69.16,31.0,213.33,11.4,verano
lentejas,6.57,arcilloso,41.57,14.0,139.52,6.9,invierno
uva,6.5,arcilloso,50.0,20.0,150.0,8.0,verano
uva,6.5,arcilloso,50.0,20.0,150.0,8.0,verano
arroz,5.4,limoso,24.0,9.0,260.0,11.0,invierno
uva,6.5,arcilloso,50.0,20.0,150.0,8.0,verano
arroz,5.4,limoso,23.0,8.0,255.0,11.5,invierno
arroz,5.5,limoso,23.0,9.0,255.0,11.5,invierno
arroz,5.5,limoso,23.0,9.0,255.0,11.5,invierno
arroz,5.5,limoso,23.0,9.0,255.0,11.5,invierno
arroz,5.5,limoso,23.0,9.0,255.0,11.5,invierno
fresa,5.5,limoso,23.0,9.0,255.0,11.5,invierno
arroz,5.5,limoso,23.0,9.0,255.0,11.5,invierno
arroz,5.5,limoso,23.0,9.0,255.0,11.5,invierno
maiz,7.6,arcilloso,23.0,31.0,255.0,4.5,verano
uva,6.5,arcilloso,50.0,25.0,150.0,8.0,verano
uva,6.5,arcilloso,50.0,20.0,150.0,8.0,verano
uva,6.5,arcilloso,50.0,25.0,150.0,8.0,verano
uva,6.5,arcilloso,50.0,25.0,70.0,8.0,verano
uva,6.5,arcilloso,50.0,20.0,150.0,8.0,verano
uva,6.5,arcilloso,50.0,20.0,150.0,8.0,verano
uva,6.5,arcilloso,50.0,20.0,150.0,8.0,verano
arroz,5.4,limoso,24.0,9.0,260.0,11.0,invierno
uva,6.5,arcilloso,50.0,20.0,150.0,8.0,verano
arroz,5.4,limoso,23.0,8.0,255.0,11.5,invierno
arroz,5.5,limoso,23.0,9.0,255.0,11.5,invierno
arroz,5.5,limoso,23.0,9.0,255.0,11.5,invierno
arroz,5.5,limoso,23.0,9.0,255.0,11.5,invierno
arroz,5.5,limoso,23.0,9.0,255.0,11.5,invierno
fresa,5.5,limoso,23.0,9.0,255.0,11.5,invierno
arroz,5.5,limoso,23.0,9.0,255.0,11.5,invierno
arroz,5.5,limoso,23.0,9.0,255.0,11.5,invierno
maiz,7.6,arcilloso,23.0,31.0,255.0,4.5,verano
uva,6.5,arcilloso,50.0,25.0,150.0,8.0,verano
uva,6.5,arcilloso,50.0,20.0,150.0,8.0,verano
uva,6.5,arcilloso,50.0,25.0,150.0,8.0,verano
uva,6.5,arcilloso,50.0,25.0,70.0,8.0,verano
uva,6.5,arcilloso,50.0,20.0,150.0,8.0,verano
melon,6.5,arenoso,18.0,24.0,300.0,12.0,verano
uva,6.5,arcilloso,50.0,20.0,150.0,8.0,verano
arroz,5.4,limoso,22.0,9.0,255.0,11.5,invierno
uva,6.5,arcilloso,50.0,20.0,150.0,8.0,verano
uva,6.5,limoso,50.0,20.0,150.0,8.0,verano
uva,6.5,arcilloso,50.0,20.0,150.0,8.0,verano
uva,6.5,arcilloso,50.0,20.0,150.0,8.0,verano
arroz,5.4,limoso,24.0,9.0,260.0,11.0,invierno
uva,6.5,arcilloso,50.0,20.0,150.0,8.0,verano
arroz,5.4,limoso,23.0,8.0,255.0,11.5,invierno
arroz,5.5,limoso,23.0,9.0,255.0,11.5,invierno
arroz,5.5,limoso,23.0,9.0,255.0,11.5,invierno
arroz,5.5,limoso,23.0,9.0,255.0,11.5,invierno
arroz,5.5,limoso,23.0,9.0,255.0,11.5,invierno
fresa,5.5,limoso,23.0,9.0,255.0,11.5,invierno
arroz,5.5,limoso,23.0,9.0,255.0,11.5,invierno
arroz,5.5,limoso,23.0,9.0,255.0,11.5,invierno
maiz,7.6,arcilloso,23.0,31.0,255.0,4.5,verano
uva,6.5,arcilloso,50.0,25.0,150.0,8.0,verano
uva,6.5,arcilloso,50.0,20.0,150.0,8.0,verano
uva,6.5,arcilloso,50.0,25.0,150.0,8.0,verano
uva,6.5,arcilloso,50.0,25.0,70.0,8.0,verano
uva,6.5,arcilloso,50.0,20.0,150.0,8.0,verano
melon,6.5,arenoso,18.0,24.0,300.0,12.0,verano
melon,6.5,arenoso,18.0,24.0,300.0,12.0,verano
uva,6.5,arcilloso,50.0,20.0,150.0,8.0,verano
maiz,6.5,rocoso,21.0,25.0,300.0,12.0,verano
uva,6.5,arcilloso,50.0,20.0,150.0,8.0,verano
melon,6.5,arenoso,18.0,24.0,300.0,12.0,verano
uva,6.5,arcilloso,50.0,20.0,150.0,8.0,verano
arroz,5.4,limoso,22.0,9.0,255.0,11.5,invierno
uva,6.5,arcilloso,50.0,20.0,150.0,8.0,verano
uva,6.5,limoso,50.0,20.0,150.0,8.0,verano
uva,6.5,arcilloso,50.0,20.0,150.0,8.0,verano
uva,6.5,arcilloso,50.0,20.0,150.0,8.0,verano
arroz,5.4,limoso,24.0,9.0,260.0,11.0,invierno
uva,6.5,arcilloso,50.0,20.0,150.0,8.0,verano
arroz,5.4,limoso,23.0,8.0,255.0,11.5,invierno
arroz,5.5,limoso,23.0,9.0,255.0,11.5,invierno
arroz,5.5,limoso,23.0,9.0,255.0,11.5,invierno
arroz,5.5,limoso,23.0,9.0,255.0,11.5,invierno
arroz,5.5,limoso,23.0,9.0,255.0,11.5,invierno
fresa,5.5,limoso,23.0,9.0,255.0,11.5,invierno
arroz,5.5,limoso,23.0,9.0,255.0,11.5,invierno
arroz,5.5,limoso,23.0,9.0,255.0,11.5,invierno
maiz,7.6,arcilloso,23.0,31.0,255.0,4.5,verano
uva,6.5,arcilloso,50.0,25.0,150.0,8.0,verano
uva,6.5,arcilloso,50.0,20.0,150.0,8.0,verano
uva,6.5,arcilloso,50.0,25.0,150.0,8.0,verano
uva,6.5,arcilloso,50.0,25.0,70.0,8.0,verano
uva,6.5,arcilloso,50.0,20.0,150.0,8.0,verano
melon,6.5,arenoso,18.0,24.0,300.0,12.0,verano
melon,6.5,arenoso,18.0,24.0,300.0,12.0,verano
melon,6.5,arenoso,18.0,24.0,300.0,12.0,verano
melon,6.5,arenoso,18.0,24.0,300.0,12.0,verano
uva,6.5,arcilloso,50.0,20.0,150.0,8.0,verano
maiz,6.5,rocoso,21.0,25.0,300.0,12.0,verano
uva,6.5,arcilloso,50.0,20.0,150.0,8.0,verano
melon,6.5,arenoso,18.0,24.0,300.0,12.0,verano
uva,6.5,arcilloso,50.0,20.0,150.0,8.0,verano
arroz,5.4,limoso,22.0,9.0,255.0,11.5,invierno
uva,6.5,arcilloso,50.0,20.0,150.0,8.0,verano
uva,6.5,limoso,50.0,20.0,150.0,8.0,verano
uva,6.5,arcilloso,50.0,20.0,150.0,8.0,verano
uva,6.5,arcilloso,50.0,20.0,150.0,8.0,verano
arroz,5.4,limoso,24.0,9.0,260.0,11.0,invierno
uva,6.5,arcilloso,50.0,20.0,150.0,8.0,verano
arroz,5.4,limoso,23.0,8.0,255.0,11.5,invierno
arroz,5.5,limoso,23.0,9.0,255.0,11.5,invierno
arroz,5.5,limoso,23.0,9.0,255.0,11.5,invierno
arroz,5.5,limoso,23.0,9.0,255.0,11.5,invierno
arroz,5.5,limoso,23.0,9.0,255.0,11.5,invierno
fresa,5.5,limoso,23.0,9.0,255.0,11.5,invierno
arroz,5.5,limoso,23.0,9.0,255.0,11.5,invierno
arroz,5.5,limoso,23.0,9.0,255.0,11.5,invierno
maiz,7.6,arcilloso,23.0,31.0,255.0,4.5,verano
uva,6.5,arcilloso,50.0,25.0,150.0,8.0,verano
uva,6.5,arcilloso,50.0,20.0,150.0,8.0,verano
uva,6.5,arcilloso,50.0,25.0,150.0,8.0,verano
uva,6.5,arcilloso,50.0,25.0,70.0,8.0,verano
uva,6.5,arcilloso,50.0,20.0,150.0,8.0,verano
melon,6.5,arenoso,18.0,24.0,300.0,12.0,verano
melon,6.5,arenoso,18.0,24.0,300.0,12.0,verano
melon,6.5,arenoso,18.0,24.0,300.0,12.0,verano
melon,6.5,arenoso,18.0,24.0,300.0,12.0,verano
melon,6.5,arenoso,18.0,24.0,300.0,12.0,verano
uva,6.5,arcilloso,50.0,20.0,150.0,8.0,verano
maiz,6.5,rocoso,21.0,25.0,300.0,12.0,verano
uva,6.5,arcilloso,50.0,20.0,150.0,8.0,verano
melon,6.5,arenoso,18.0,24.0,300.0,12.0,verano
uva,6.5,arcilloso,50.0,20.0,150.0,8.0,verano
arroz,5.4,limoso,22.0,9.0,255.0,11.5,invierno
uva,6.5,arcilloso,50.0,20.0,150.0,8.0,verano
uva,6.5,limoso,50.0,20.0,150.0,8.0,verano
uva,6.5,arcilloso,50.0,20.0,150.0,8.0,verano
uva,6.5,arcilloso,50.0,20.0,150.0,8.0,verano
arroz,5.4,limoso,24.0,9.0,260.0,11.0,invierno
uva,6.5,arcilloso,50.0,20.0,150.0,8.0,verano
arroz,5.4,limoso,23.0,8.0,255.0,11.5,invierno
arroz,5.5,limoso,23.0,9.0,255.0,11.5,invierno
arroz,5.5,limoso,23.0,9.0,255.0,11.5,invierno
arroz,5.5,limoso,23.0,9.0,255.0,11.5,invierno
arroz,5.5,limoso,23.0,9.0,255.0,11.5,invierno
fresa,5.5,limoso,23.0,9.0,255.0,11.5,invierno
arroz,5.5,limoso,23.0,9.0,255.0,11.5,invierno
arroz,5.5,limoso,23.0,9.0,255.0,11.5,invierno
maiz,7.6,arcilloso,23.0,31.0,255.0,4.5,verano
uva,6.5,arcilloso,50.0,25.0,150.0,8.0,verano
uva,6.5,arcilloso,50.0,20.0,150.0,8.0,verano
uva,6.5,arcilloso,50.0,25.0,150.0,8.0,verano
uva,6.5,arcilloso,50.0,25.0,70.0,8.0,verano
uva,6.5,arcilloso,50.0,20.0,150.0,8.0,verano
melon,6.5,arenoso,18.0,23.0,300.0,12.0,verano
melon,6.5,arenoso,18.0,24.0,300.0,12.0,verano
melon,6.5,arenoso,18.0,24.0,300.0,12.0,verano
melon,6.5,arenoso,18.0,24.0,300.0,12.0,verano
melon,6.5,arenoso,18.0,24.0,300.0,12.0,verano
melon,6.5,arenoso,18.0,24.0,300.0,12.0,verano
uva,6.5,arcilloso,50.0,20.0,150.0,8.0,verano
maiz,6.5,rocoso,21.0,25.0,300.0,12.0,verano
uva,6.5,arcilloso,50.0,20.0,150.0,8.0,verano
melon,6.5,arenoso,18.0,24.0,300.0,12.0,verano
uva,6.5,arcilloso,50.0,20.0,150.0,8.0,verano
arroz,5.4,limoso,22.0,9.0,255.0,11.5,invierno
uva,6.5,arcilloso,50.0,20.0,150.0,8.0,verano
uva,6.5,limoso,50.0,20.0,150.0,8.0,verano
uva,6.5,arcilloso,50.0,20.0,150.0,8.0,verano
uva,6.5,arcilloso,50.0,20.0,150.0,8.0,verano
arroz,5.4,limoso,24.0,9.0,260.0,11.0,invierno
uva,6.5,arcilloso,50.0,20.0,150.0,8.0,verano
arroz,5.4,limoso,23.0,8.0,255.0,11.5,invierno
arroz,5.5,limoso,23.0,9.0,255.0,11.5,invierno
arroz,5.5,limoso,23.0,9.0,255.0,11.5,invierno
arroz,5.5,limoso,23.0,9.0,255.0,11.5,invierno
arroz,5.5,limoso,23.0,9.0,255.0,11.5,invierno
fresa,5.5,limoso,23.0,9.0,255.0,11.5,invierno
arroz,5.5,limoso,23.0,9.0,255.0,11.5,invierno
arroz,5.5,limoso,23.0,9.0,255.0,11.5,invierno
maiz,7.6,arcilloso,23.0,31.0,255.0,4.5,verano
uva,6.5,arcilloso,50.0,25.0,150.0,8.0,verano
uva,6.5,arcilloso,50.0,20.0,150.0,8.0,verano
uva,6.5,arcilloso,50.0,25.0,150.0,8.0,verano
uva,6.5,arcilloso,50.0,25.0,70.0,8.0,verano
uva,6.5,arcilloso,50.0,20.0,150.0,8.0,verano
melon,6.5,arenoso,18.0,23.0,300.0,12.0,verano
melon,6.5,arenoso,18.0,23.0,300.0,12.0,verano
melon,6.5,arenoso,18.0,24.0,300.0,12.0,verano
melon,6.5,arenoso,18.0,24.0,300.0,12.0,verano
melon,6.5,arenoso,18.0,24.0,300.0,12.0,verano
melon,6.5,arenoso,18.0,24.0,300.0,12.0,verano
melon,6.5,arenoso,18.0,24.0,300.0,12.0,verano
uva,6.5,arcilloso,50.0,20.0,150.0,8.0,verano
maiz,6.5,rocoso,21.0,25.0,300.0,12.0,verano
uva,6.5,arcilloso,50.0,20.0,150.0,8.0,verano
melon,6.5,arenoso,18.0,24.0,300.0,12.0,verano
uva,6.5,arcilloso,50.0,20.0,150.0,8.0,verano
arroz,5.4,limoso,22.0,9.0,255.0,11.5,invierno
uva,6.5,arcilloso,50.0,20.0,150.0,8.0,verano
uva,6.5,limoso,50.0,20.0,150.0,8.0,verano
uva,6.5,arcilloso,50.0,20.0,150.0,8.0,verano
uva,6.5,arcilloso,50.0,20.0,150.0,8.0,verano
arroz,5.4,limoso,24.0,9.0,260.0,11.0,invierno
uva,6.5,arcilloso,50.0,20.0,150.0,8.0,verano
arroz,5.4,limoso,23.0,8.0,255.0,11.5,invierno
arroz,5.5,limoso,23.0,9.0,255.0,11.5,invierno
arroz,5.5,limoso,23.0,9.0,255.0,11.5,invierno
arroz,5.5,limoso,23.0,9.0,255.0,11.5,invierno
arroz,5.5,limoso,23.0,9.0,255.0,11.5,invierno
fresa,5.5,limoso,23.0,9.0,255.0,11.5,invierno
arroz,5.5,limoso,23.0,9.0,255.0,11.5,invierno
arroz,5.5,limoso,23.0,9.0,255.0,11.5,invierno
maiz,7.6,arcilloso,23.0,31.0,255.0,4.5,verano
uva,6.5,arcilloso,50.0,25.0,150.0,8.0,verano
uva,6.5,arcilloso,50.0,20.0,150.0,8.0,verano
uva,6.5,arcilloso,50.0,25.0,150.0,8.0,verano
uva,6.5,arcilloso,50.0,25.0,70.0,8.0,verano
uva,6.5,arcilloso,50.0,20.0,150.0,8.0,verano
fresa,6.0,arenoso,24.0,9.0,300.0,11.0,verano
lentejas,6.5,arenoso,50.0,20.0,55.0,8.0,invierno
uva,6.5,arenoso,50.0,20.0,55.0,8.0,verano
uva,6.5,arcilloso,50.0,20.0,55.0,8.0,verano
uva,6.5,arcilloso,50.0,20.0,150.0,8.0,verano
uva,6.5,arcilloso,50.0,20.0,150.0,8.0,verano
arroz,5.2,arenoso,23.0,8.0,295.0,12.0,verano
melon,6.5,arenoso,19.0,25.0,295.0,8.0,verano
melon,6.5,arenoso,18.0,24.0,300.0,12.0,verano
melon,6.5,arenoso,18.0,23.0,300.0,12.0,verano
melon,6.5,arenoso,18.0,23.0,300.0,12.0,verano
melon,6.5,arenoso,18.0,24.0,300.0,12.0,verano
melon,6.5,arenoso,18.0,24.0,300.0,12.0,verano
melon,6.5,arenoso,18.0,24.0,300.0,12.0,verano
melon,6.5,arenoso,18.0,24.0,300.0,12.0,verano
melon,6.5,arenoso,18.0,24.0,300.0,12.0,verano
uva,6.5,arcilloso,50.0,20.0,150.0,8.0,verano
maiz,6.5,rocoso,21.0,25.0,300.0,12.0,verano
uva,6.5,arcilloso,50.0,20.0,150.0,8.0,verano
melon,6.5,arenoso,18.0,24.0,300.0,12.0,verano
uva,6.5,arcilloso,50.0,20.0,150.0,8.0,verano
arroz,5.4,limoso,22.0,9.0,255.0,11.5,invierno
uva,6.5,arcilloso,50.0,20.0,150.0,8.0,verano
uva,6.5,limoso,50.0,20.0,150.0,8.0,verano
uva,6.5,arcilloso,50.0,20.0,150.0,8.0,verano
uva,6.5,arcilloso,50.0,20.0,150.0,8.0,verano
arroz,5.4,limoso,24.0,9.0,260.0,11.0,invierno
uva,6.5,arcilloso,50.0,20.0,150.0,8.0,verano
arroz,5.4,limoso,23.0,8.0,255.0,11.5,invierno
arroz,5.5,limoso,23.0,9.0,255.0,11.5,invierno
arroz,5.5,limoso,23.0,9.0,255.0,11.5,invierno
arroz,5.5,limoso,23.0,9.0,255.0,11.5,invierno
arroz,5.5,limoso,23.0,9.0,255.0,11.5,invierno
fresa,5.5,limoso,23.0,9.0,255.0,11.5,invierno
arroz,5.5,limoso,23.0,9.0,255.0,11.5,invierno
arroz,5.5,limoso,23.0,9.0,255.0,11.5,invierno
maiz,7.6,arcilloso,23.0,31.0,255.0,4.5,verano
uva,6.5,arcilloso,50.0,25.0,150.0,8.0,verano
uva,6.5,arcilloso,50.0,20.0,150.0,8.0,verano
uva,6.5,arcilloso,50.0,25.0,150.0,8.0,verano
uva,6.5,arcilloso,50.0,25.0,70.0,8.0,verano
uva,6.5,arcilloso,50.0,20.0,150.0,8.0,verano
uva,6.5,arcilloso,50.0,20.0,150.0,8.0,verano
uva,6.5,arcilloso,50.0,20.0,150.0,8.0,verano
fresa,6.0,arenoso,24.0,9.0,300.0,11.0,verano
lentejas,6.5,arenoso,50.0,20.0,55.0,8.0,invierno
uva,6.5,arenoso,50.0,20.0,55.0,8.0,verano
uva,6.5,arcilloso,50.0,20.0,55.0,8.0,verano
uva,6.5,arcilloso,50.0,20.0,150.0,8.0,verano
uva,6.5,arcilloso,50.0,20.0,150.0,8.0,verano
arroz,5.2,arenoso,23.0,8.0,295.0,12.0,verano
melon,6.5,arenoso,19.0,25.0,295.0,8.0,verano
melon,6.5,arenoso,18.0,24.0,300.0,12.0,verano
melon,6.5,arenoso,18.0,23.0,300.0,12.0,verano
melon,6.5,arenoso,18.0,23.0,300.0,12.0,verano
melon,6.5,arenoso,18.0,24.0,300.0,12.0,verano
melon,6.5,arenoso,18.0,24.0,300.0,12.0,verano
melon,6.5,arenoso,18.0,24.0,300.0,12.0,verano
melon,6.5,arenoso,18.0,24.0,300.0,12.0,verano
melon,6.5,arenoso,18.0,24.0,300.0,12.0,verano
uva,6.5,arcilloso,50.0,20.0,150.0,8.0,verano
maiz,6.5,rocoso,21.0,25.0,300.0,12.0,verano
uva,6.5,arcilloso,50.0,20.0,150.0,8.0,verano
melon,6.5,arenoso,18.0,24.0,300.0,12.0,verano
uva,6.5,arcilloso,50.0,20.0,150.0,8.0,verano
arroz,5.4,limoso,22.0,9.0,255.0,11.5,invierno
uva,6.5,arcilloso,50.0,20.0,150.0,8.0,verano
uva,6.5,limoso,50.0,20.0,150.0,8.0,verano
uva,6.5,arcilloso,50.0,20.0,150.0,8.0,verano
uva,6.5,arcilloso,50.0,20.0,150.0,8.0,verano
arroz,5.4,limoso,24.0,9.0,260.0,11.0,invierno
uva,6.5,arcilloso,50.0,20.0,150.0,8.0,verano
arroz,5.4,limoso,23.0,8.0,255.0,11.5,invierno
arroz,5.5,limoso,23.0,9.0,255.0,11.5,invierno
arroz,5.5,limoso,23.0,9.0,255.0,11.5,invierno
arroz,5.5,limoso,23.0,9.0,255.0,11.5,invierno
arroz,5.5,limoso,23.0,9.0,255.0,11.5,invierno
fresa,5.5,limoso,23.0,9.0,255.0,11.5,invierno
arroz,5.5,limoso,23.0,9.0,255.0,11.5,invierno
arroz,5.5,limoso,23.0,9.0,255.0,11.5,invierno
maiz,7.6,arcilloso,23.0,31.0,255.0,4.5,verano
uva,6.5,arcilloso,50.0,25.0,150.0,8.0,verano
uva,6.5,arcilloso,50.0,20.0,150.0,8.0,verano
uva,6.5,arcilloso,50.0,25.0,150.0,8.0,verano
uva,6.5,arcilloso,50.0,25.0,70.0,8.0,verano
uva,6.5,arcilloso,50.0,20.0,150.0,8.0,verano
